1,6540,0,Farm Implement I-1,,9.5L,-,14,,Firestone,США,0,8 слоёв,,9.5L-14,0000-00-00 00:00:00,2015-10-08 10:36:13,/img/tires/fi_m.png,/img/tires/fi.png,Сельхоз шины,1,95l-14-firestone-farm-implement-i-1,Бескамерная,Диагональная
2,7300,0,Farm Implement I-1,,11L,-,14,,Firestone,США,0,8 слоёв,,11L-14,0000-00-00 00:00:00,2015-10-08 10:36:13,/img/tires/fi_m.png,/img/tires/fi.png,Сельхоз шины,1,11l-14-firestone-farm-implement-i-1,Бескамерная,Диагональная
3,6535,0,Farm Implement I-1,,7.60,-,15,,Firestone,США,0,8 слоёв,,7.60-15,0000-00-00 00:00:00,2015-10-08 10:36:13,/img/tires/fi_m.png,/img/tires/fi.png,Сельхоз шины,1,760-15-firestone-farm-implement-i-1,Бескамерная,Диагональная
4,5960,0,DURA-LIFE I-1,,7.60,-,15SL,,Titan,США,0,8 слоёв,,7.60-15,0000-00-00 00:00:00,2015-10-08 10:36:13,/img/tires/dl_m.png,/img/tires/dl.png,Сельхоз шины,1,760-15-titan-dura-life-i-1,Бескамерная,Диагональная
5,8900,0,Farm Implement I-1,,9.5L,-,15,,Firestone,США,0,12 слоёв,,9.5L-15,0000-00-00 00:00:00,2015-10-08 10:36:13,/img/tires/fi_m.png,/img/tires/fi.png,Сельхоз шины,1,95l-15-firestone-farm-implement-i-1,Бескамерная,Диагональная
6,8130,0,HI-FLOTATION I-1,,9.5L,-,15SL,,Titan,США,0,12 слоёв,,9.5L-15,0000-00-00 00:00:00,2015-10-08 10:36:13,/img/tires/hwf1_m.png,/img/tires/hwf1.png,Сельхоз шины,1,95l-15-titan-hi-flotation-i-1,Бескамерная,Диагональная
7,8620,0,HIGHWAY IMPLEMENT F-1,,9.5L,-,15FI,,Titan,США,0,F,,9.5L-15,0000-00-00 00:00:00,2015-10-08 10:36:13,/img/tires/hwf1_m.png,/img/tires/hwf1.png,Сельхоз шины,1,95l-15-titan-highway-implement-f-1,Бескамерная,Диагональная
8,9325,0,Farm Tire I-1,,10.00,-,15,,Firestone,США,0,8 слоёв,,10.00-15,0000-00-00 00:00:00,2015-10-08 10:36:13,/img/tires/ftf_m.png,/img/tires/ftf.png,Сельхоз шины,1,1000-15-firestone-farm-tire-i-1,Бескамерная,Диагональная
9,8171,0,DURA-LIFE I-1,,10.00,-,15SL,,Titan,США,0,8 слоёв,,10.00-15,0000-00-00 00:00:00,2015-10-08 10:36:13,/img/tires/dl_m.png,/img/tires/dl.png,Сельхоз шины,1,1000-15-titan-dura-life-i-1,Бескамерная,Диагональная
10,9825,0,Farm Implement I-1,,11L,-,15,,Firestone,США,0,12 слоёв,,11L-15,0000-00-00 00:00:00,2015-10-08 10:36:13,/img/tires/fi_m.png,/img/tires/fi.png,Сельхоз шины,1,11l-15-firestone-farm-implement-i-1,Бескамерная,Диагональная
11,8970,0,HI-FLOTATION I-1,,11L,-,15SL,,Titan,США,0,12 слоёв,,11L-15,0000-00-00 00:00:00,2015-10-08 10:36:13,/img/tires/hwf1_m.png,/img/tires/hwf1.png,Сельхоз шины,1,11l-15-titan-hi-flotation-i-1,Бескамерная,Диагональная
12,9990,0,HIGHWAY IMPLEMENT F-1,,11L,-,15FI,,Firestone,США,0,F,,11L-15,0000-00-00 00:00:00,2015-10-08 10:36:13,/img/tires/hwf1_m.png,/img/tires/hwf1.png,Сельхоз шины,1,11l-15-firestone-highway-implement-f-1,Бескамерная,Диагональная
13,10590,0,Farm Implement I-1,,12.5L,-,15,,Firestone,США,0,12 слоёв,,12.5L-15,0000-00-00 00:00:00,2015-10-08 10:36:13,/img/tires/fi_m.png,/img/tires/fi.png,Сельхоз шины,1,125l-15-firestone-farm-implement-i-1,Бескамерная,Диагональная
14,9670,0,HI-FLOTATION I-1,,12.5L,-,15SL,,Titan,США,0,12 слоёв,,12.5L-15,0000-00-00 00:00:00,2015-10-08 10:36:13,/img/tires/hwf1_m.png,/img/tires/hwf1.png,Сельхоз шины,1,125l-15-titan-hi-flotation-i-1,Бескамерная,Диагональная
15,12330,0,HIGHWAY IMPLEMENT F-1,, 12.5L,-,15FI,,Titan,США,0,F,, 12.5L-15,0000-00-00 00:00:00,2015-10-08 10:36:13,/img/tires/hwf1_m.png,/img/tires/hwf1.png,Сельхоз шины,1,125l-15-titan-highway-implement-f-1,Бескамерная,Диагональная
16,10545,0,Rib Implement I-1,,31Х13.5,-,15,,Firestone,США,0,12 слоёв,,31Х13.5-15,0000-00-00 00:00:00,2015-10-08 10:36:13,/img/tires/fi_m.png,/img/tires/fi.png,Сельхоз шины,1,31kh135-15-firestone-rib-implement-i-1,Бескамерная,Диагональная
17,9630,0,Flo-Trac Rib HF-1,,31x15.50,-,15NHS,,Titan,США,0,8 слоёв,,31x15.50-15NHS,0000-00-00 00:00:00,2015-10-08 10:36:13,/img/tires/dl_m.png,/img/tires/dl.png,Сельхоз шины,1,31x1550-15nhs-titan-flo-trac-rib-hf-1,Бескамерная,Диагональная
18,7285,0,DURA-LIFE I-1,,9.00,-,16SL,,Titan,США,0,10 слоёв,,9.00-16SL,0000-00-00 00:00:00,2015-10-08 10:36:13,/img/tires/dl_m.png,/img/tires/dl.png,Сельхоз шины,1,900-16sl-titan-dura-life-i-1,Бескамерная,Диагональная
19,20835,0,Farm Implement I-1,,16.5L,-,16.1,,Firestone,США,0,14 слоёв,,16.5L-16.1,0000-00-00 00:00:00,2015-10-08 10:36:13,/img/tires/fi_m.png,/img/tires/fi.png,Сельхоз шины,1,165l-161-firestone-farm-implement-i-1,Бескамерная,Диагональная
20,18990,0,HIGHWAY IMPLEMENT FI,,16.5L,-,16.1FI,,Titan,США,0,E,,16.5L-16.1,0000-00-00 00:00:00,2015-10-08 10:36:13,/img/tires/hwf1_m.png,/img/tires/hwf1.png,Сельхоз шины,1,165l-161-titan-highway-implement-fi,Бескамерная,Диагональная
21,42460,0,HI-FLOTATION I-1,,21.5L,-,16.1SL,,Titan,США,0,18 слоёв,,21.5L-16.1SL,0000-00-00 00:00:00,2015-10-08 10:36:13,/img/tires/hwf1_m.png,/img/tires/hwf1.png,Сельхоз шины,1,215l-161sl-titan-hi-flotation-i-1,Бескамерная,Диагональная
22,36850,0,TI422 I-3,,21.5L,-,16.1SL,,Titan,США,0,8 слоёв,,21.5L-16.1SL,0000-00-00 00:00:00,2015-10-08 10:36:13,/img/tires/ti442_m.png,/img/tires/ti442.png,Сельхоз шины,1,215l-161sl-titan-ti422-i-3,Бескамерная,Диагональная
23,21380,0,Duraforce Utility,,340,80,18,,Firestone,Испания,0,143A8,,340/80R18,0000-00-00 00:00:00,2015-10-08 10:36:13,/img/tires/du_m.png,/img/tires/du.png,Индустриальные шины,1,34080r18-firestone-duraforce-utility,Бескамерная,Радиальная
24,20300,0,CONTRACTOR II I-3,,12.5/80,-,18,,Titan,США,0,12 слоёв,,12.5/80-18 (320/80-16),0000-00-00 00:00:00,2015-10-08 10:36:13,/img/tires/cntr_m.png,/img/tires/cntr.png,Индустриальные шины,1,12580-18-32080-16-titan-contractor-ii-i-3,Бескамерная,Диагональная
25,8130,0,Farm Implement I-1,,7.50,-,20,,Firestone,США,0,6 слоёв,,7.50-20,0000-00-00 00:00:00,2015-10-08 10:36:13,/img/tires/fi_m.png,/img/tires/fi.png,Сельхоз шины,1,750-20-firestone-farm-implement-i-1,Бескамерная,Диагональная
26,24720,0,LIFT RIGGER II R-1,,400/70-20 (16.0/70-20),-,20,,Titan,,0,143A8,,400/70-20 (16.0/70-20),0000-00-00 00:00:00,2015-10-08 10:36:13,/img/tires/ci1049_m.png,/img/tires/ci1049.png,Индустриальные шины,1,40070-20-16070-20-titan-lift-rigger-ii-r-1,Бескамерная,Радиальная
27,15300,0,Super All Traction II 23˚ R-1,,11.2,-,24,,Firestone,США,0,8 слоёв,,11.2-24,0000-00-00 00:00:00,2015-10-08 10:36:13,/img/tires/sat_m.png,/img/tires/sat.png,Сельхоз шины,1,112-24-firestone-super-all-traction-ii-23-r-1,Бескамерная,Диагональная
28,23945,0,Super All Traction II 23˚ R-1   *Cut resistant,,14.9,-,24,,Firestone,США,0,8 слоёв,,14.9-24 (380/85-24),0000-00-00 00:00:00,2015-10-08 10:36:13,/img/tires/sat_m.png,/img/tires/sat.png,Сельхоз шины,1,149-24-38085-24-firestone-super-all-traction-ii-23-r-1-cut-resistant,Бескамерная,Диагональная
29,21860,0,HI-TRACTION LUG R-1,,14.9,-,24,,Titan,США,0,8 слоёв,,14.9-24 (380/85-24),0000-00-00 00:00:00,2015-10-08 10:36:13,/img/tires/ag1002_m.png,/img/tires/ag1002.png,Сельхоз шины,1,149-24-38085-24-titan-hi-traction-lug-r-1,Бескамерная,Диагональная
30,34100,0,INDUSTRIAL TRACTOR LUG R-4,,16.9,-,24,,Titan,США,0,14 слоёв,,16.9-24 (420/85-24),0000-00-00 00:00:00,2015-10-08 10:36:13,/img/tires/ind_m.png,/img/tires/ind.png,Индустриальные шины,1,169-24-42085-24-titan-industrial-tractor-lug-r-4,Бескамерная,Диагональная
31,31800,0,INDUSTRIAL CONTRACTOR R-4,,17.5L,-,24,,Titan,США,0,12 слоёв,,17.5L-24,0000-00-00 00:00:00,2015-10-08 10:36:13,/img/tires/ci1059_m.png,/img/tires/ci1059.png,Индустриальные шины,1,175l-24-titan-industrial-contractor-r-4,Бескамерная,Диагональная
32,37415,0,Traction Field&Road R-1   *Tubeless,,18.4,-,26,,Firestone,США,0,12 слоёв,,18.4-26 (460/85-26),0000-00-00 00:00:00,2015-10-08 10:36:13,/img/tires/atfr_m.png,/img/tires/atfr.png,Сельхоз шины,1,184-26-46085-26-firestone-traction-fieldroad-r-1-tubeless,Бескамерная,Диагональная
33,38950,0,HI-TRACTION LUG R-1,,18.4,-,26,,Titan,США,0,12 слоёв,,18.4-26 (460/85-26),0000-00-00 00:00:00,2015-10-08 10:36:13,/img/tires/ag1002_m.png,/img/tires/ag1002.png,Сельхоз шины,1,184-26-46085-26-titan-hi-traction-lug-r-1,Бескамерная,Диагональная
34,0,0,Forestry Environmental Lug HF-1,,700,50,26.5,,Firestone,США,0,20 слоёв,,700/50R26.5,0000-00-00 00:00:00,2015-10-08 10:36:13,-,-,Сельхоз шины,0,70050r265-firestone-forestry-environmental-lug-hf-1,Бескамерная,Радиальная
35,38100,0,INDUSTRIAL TRACTOR LUG R-4,,16.9,-,28,,Titan,США,0,12 слоёв,,16.9-28 (420/85-28),0000-00-00 00:00:00,2015-10-08 10:36:13,/img/tires/ind_m.png,/img/tires/ind.png,Индустриальные шины,1,169-28-42085-28-titan-industrial-tractor-lug-r-4,Бескамерная,Диагональная
36,73825,0,Radial All Traction DT R-1W,,600,65,28,,Firestone,США,0,147B,,600/65R28,0000-00-00 00:00:00,2015-10-08 10:36:13,/img/tires/rat_m.png,/img/tires/rat.png,Сельхоз шины,1,60065r28-firestone-radial-all-traction-dt-r-1w,Бескамерная,Радиальная
37,73825,0,Maxi Traction,,600,65,28,,Firestone,Испания,0,154D,,600/65R28,0000-00-00 00:00:00,2015-10-08 10:36:13,/img/tires/maxi_m.png,/img/tires/maxi.png,Сельхоз шины,1,60065r28-firestone-maxi-traction,Бескамерная,Радиальная
38,58640,0,Radial All Traction DT R-1W,,420,90,30,,Firestone,США,0,145B,,420/90R30,0000-00-00 00:00:00,2015-10-08 10:36:14,/img/tires/rat_m.png,/img/tires/rat.png,Сельхоз шины,1,42090r30-firestone-radial-all-traction-dt-r-1w,Бескамерная,Радиальная
39,44990,0,HI-TRACTION LUG RADIAL R-1,,420,90,30,,Titan,США,0,142A8/B,,420/90R30,0000-00-00 00:00:00,2015-10-08 10:36:14,/img/tires/ind_m.png,/img/tires/ind.png,Сельхоз шины,1,42090r30-titan-hi-traction-lug-radial-r-1,Бескамерная,Радиальная
40,53000,0,Performer 70,,480,70,30,,Firestone,Испания,0,141D,,480/70R30 (19.5LR30),0000-00-00 00:00:00,2015-10-08 10:36:14,/img/tires/perf_m.png,/img/tires/perf.png,Сельхоз шины,1,48070r30-195lr30-firestone-performer-70,Бескамерная,Радиальная
41,54000,0,Performer 70,,480,70,30,,Firestone,Испания,0,#REF!,,480/70R30 (19.5LR30),0000-00-00 00:00:00,2015-10-08 10:36:14,/img/tires/perf_m.png,/img/tires/perf.png,Сельхоз шины,0,48070r30-195lr30-firestone-performer-70,Бескамерная,Радиальная
42,55075,0,Radial All Traction DT R-1W,,480,70,30,,Firestone,США,0,152B,,480/70R30 (19.5LR30),0000-00-00 00:00:00,2015-10-08 10:36:14,/img/tires/rat_m.png,/img/tires/rat.png,Сельхоз шины,1,48070r30-195lr30-firestone-radial-all-traction-dt-r-1w,Бескамерная,Радиальная
43,94000,0,Radial All Traction DT R-1W,,600,70,30,,Firestone,США,0,152B,,600/70R30,0000-00-00 00:00:00,2015-10-08 10:36:14,/img/tires/rat_m.png,/img/tires/rat.png,Сельхоз шины,1,60070r30-firestone-radial-all-traction-dt-r-1w,Бескамерная,Радиальная
44,94000,0,Maxi Traction,,600,70,30,,Firestone,Испания,0,158D,,600/70R30,0000-00-00 00:00:00,2015-10-08 10:36:14,/img/tires/maxi_m.png,/img/tires/maxi.png,Сельхоз шины,1,60070r30-firestone-maxi-traction,Бескамерная,Радиальная
45,0,0,Maxi Traction,,600,70,30,,Firestone,Испания,0,158A8,,600/70R30,0000-00-00 00:00:00,2015-10-08 10:36:14,/img/tires/maxi_m.png,/img/tires/maxi.png,Сельхоз шины,0,60070r30-firestone-maxi-traction,Бескамерная,Радиальная
46,0,0,Radial All Traction DT R-1W,,600,70,30,,Firestone,США,0,162B,,600/70R30,0000-00-00 00:00:00,2015-10-08 10:36:14,/img/tires/rat_m.png,/img/tires/rat.png,Сельхоз шины,0,60070r30-firestone-radial-all-traction-dt-r-1w,Бескамерная,Радиальная
47,85825,0,AG 49M RADIAL R-1W,,600,70,30,,Titan,США,0,152A8/B,,600/70R30,0000-00-00 00:00:00,2015-10-08 10:36:14,/img/tires/ind_m.png,/img/tires/ind.png,Сельхоз шины,1,60070r30-titan-ag-49m-radial-r-1w,Бескамерная,Радиальная
48,82335,0,Super All Traction II 23˚ R-1   *Tubeless,,24.5,-,32,,Firestone,США,0,12 слоёв,,24.5-32 (650/75-32),0000-00-00 00:00:00,2015-10-08 10:36:14,/img/tires/sat_m.png,/img/tires/sat.png,Сельхоз шины,1,245-32-65075-32-firestone-super-all-traction-ii-23-r-1-tubeless,Бескамерная,Диагональная
49,103990,0,HI-TRACTION LUG RADIAL R-1,,24.5,-,32,,Titan,США,0,5* слоёв,,24.5-32 (650/75-32),0000-00-00 00:00:00,2015-10-08 10:36:14,/img/tires/ag1002_m.png,/img/tires/ag1002.png,Сельхоз шины,1,245-32-65075-32-titan-hi-traction-lug-radial-r-1,Бескамерная,Диагональная
50,109520,0,Radial All Traction DT R-1W,,650,75,32,,Firestone,США,0,172B,,650/75R32 (24.5-32),0000-00-00 00:00:00,2015-10-08 10:36:14,/img/tires/rat_m.png,/img/tires/rat.png,Сельхоз шины,1,65075r32-245-32-firestone-radial-all-traction-dt-r-1w,Бескамерная,Радиальная
51,109520,0,Maxi Traction,,650,75,32,,Firestone,Испания,0,172B,,650/75R32 (24.5-32),0000-00-00 00:00:00,2015-10-08 10:36:14,/img/tires/maxi_m.png,/img/tires/maxi.png,Сельхоз шины,1,65075r32-245-32-firestone-maxi-traction,Бескамерная,Радиальная
52,121630,0,Super All Traction II 23˚ R-1,,30.5,-,32,,Firestone,США,0,16 слоёв,,30.5-32 (800/65-32),0000-00-00 00:00:00,2015-10-08 10:36:14,/img/tires/sat_m.png,/img/tires/sat.png,Сельхоз шины,1,305-32-80065-32-firestone-super-all-traction-ii-23-r-1,Бескамерная,Диагональная
53,196320,0,Forestry Special SS LS-2,,30.5,-,32,,Firestone,США,0,26 слоёв,,30.5-32 (800/65-32),0000-00-00 00:00:00,2015-10-08 10:36:14,,/img/tires/crc.png,Сельхоз шины,1,305-32-80065-32-firestone-forestry-special-ss-ls-2,Бескамерная,Диагональная
54,110990,0,HI-TRACTION LUG R-1,,30.5L,-,32,,Titan,США,0,16 слоёв,,30.5L-32,0000-00-00 00:00:00,2015-10-08 10:36:14,/img/tires/ag1002_m.png,/img/tires/ag1002.png,Сельхоз шины,1,305l-32-titan-hi-traction-lug-r-1,Бескамерная,Диагональная
55,0,0,Radial All Traction DT R-1W,,800,65,32,,Firestone,США,0,172B,,800/65R32 (30.5LR32),0000-00-00 00:00:00,2015-10-08 10:36:14,/img/tires/rat_m.png,/img/tires/rat.png,Сельхоз шины,0,80065r32-305lr32-firestone-radial-all-traction-dt-r-1w,Бескамерная,Радиальная
56,138975,0,Maxi Traction,,800,65,32,,Firestone,Испания,0,178A8,,800/65R32 (30.5LR32),0000-00-00 00:00:00,2015-10-08 10:36:14,/img/tires/maxi_m.png,/img/tires/maxi.png,Сельхоз шины,1,80065r32-305lr32-firestone-maxi-traction,Бескамерная,Радиальная
57,126900,0,SUPER HI-POWER LUG RADIAL R-1,,800,65,32,,Titan,США,0,172A8/B,,800/65R32 (30.5LR32),0000-00-00 00:00:00,2015-10-08 10:36:14,/img/tires/ag1002_m.png,/img/tires/ag1002.png,Сельхоз шины,1,80065r32-305lr32-titan-super-hi-power-lug-radial-r-1,Бескамерная,Радиальная
58,0,0,Radial All Traction 23˚ R-1,,900,60,32,,Firestone,США,0,176B,,900/60R32,0000-00-00 00:00:00,2015-10-08 10:36:14,/img/tires/rat_m.png,/img/tires/rat.png,Сельхоз шины,0,90060r32-firestone-radial-all-traction-23-r-1,Бескамерная,Радиальная
59,202650,0,Maxi Traction,,900,60,32,,Firestone,Испания,0,181A8,,900/60R32,0000-00-00 00:00:00,2015-10-08 10:36:14,/img/tires/maxi_m.png,/img/tires/maxi.png,Сельхоз шины,1,90060r32-firestone-maxi-traction,Бескамерная,Радиальная
60,214735,0,Flotation 23˚ Deep Tread HF-3,,73X44,-,32,,Firestone,США,0,16 слоёв,,73X44-32,0000-00-00 00:00:00,2015-10-08 10:36:14,/img/tires/flot_23_m.png,/img/tires/flot_23.png,Сельхоз шины,1,73x44-32-firestone-flotation-23-deep-tread-hf-3,Бескамерная,Диагональная
61,43725,0,Radial All Traction 23˚ R-1,,420,85,34,,Firestone,Испания,0,147/A8,,420/85R34,0000-00-00 00:00:00,2015-10-08 10:36:14,,/img/tires/rat.png,Сельхоз шины,1,42085r34-firestone-radial-all-traction-23-r-1,Бескамерная,Радиальная
62,45920,0,Performer 85,,460,85,34,,Firestone,Испания,0,147/D,,460/85R34 (18.4R34),0000-00-00 00:00:00,2015-10-08 10:36:14,,/img/tires/perf.png,Сельхоз шины,1,46085r34-184r34-firestone-performer-85,Бескамерная,Радиальная
63,45920,0,Performer 85,,460,85,34,,Firestone,Испания,0,147A8,,460/85R34 (18.4R34),0000-00-00 00:00:00,2015-10-08 10:36:14,/img/tires/perf_m.png,/img/tires/perf.png,Сельхоз шины,1,46085r34-184r34-firestone-performer-851,Бескамерная,Радиальная
64,54920,0,Performer 70,,520,70,34,,Firestone,Испания,0,148D,,520/70R34,0000-00-00 00:00:00,2015-10-08 10:36:14,/img/tires/perf_m.png,/img/tires/perf.png,Сельхоз шины,1,52070r34-firestone-performer-70,Бескамерная,Радиальная
65,46470,0,TT49V R-1W,,320,85,38,,Titan,США,0,138A8/B,,320/85R38,0000-00-00 00:00:00,2015-10-08 10:36:14,/img/tires/ti442_m.png,/img/tires/ti442.png,Сельхоз шины,1,32085r38-titan-tt49v-r-1w,Бескамерная,Радиальная
66,29300,0,Super All Traction II 23˚ R-1   *Cut resistant,,18.4,-,38,,Firestone,США,0,8 слоёв,,18.4-38 (460/85-38),0000-00-00 00:00:00,2015-10-08 10:36:14,/img/tires/sat_m.png,/img/tires/sat.png,Сельхоз шины,1,184-38-46085-38-firestone-super-all-traction-ii-23-r-1-cut-resistant,Бескамерная,Диагональная
67,55075,0,Performer 70,,480,70,38,,Firestone,Испания,0,145D,,480/70R38 (19.5LR38),0000-00-00 00:00:00,2015-10-08 10:36:14,/img/tires/perf_m.png,/img/tires/perf.png,Сельхоз шины,1,48070r38-195lr38-firestone-performer-70,Бескамерная,Радиальная
68,74000,0,Radial All Traction 23˚ R-1,,520,85,38,,Firestone,США,0,155B,,520/85R38 (20.8R38),0000-00-00 00:00:00,2015-10-08 10:36:14,/img/tires/rat_m.png,/img/tires/rat.png,Сельхоз шины,1,52085r38-208r38-firestone-radial-all-traction-23-r-1,Бескамерная,Радиальная
69,74000,0,Performer 85,,520,85,38,,Firestone,Испания,0,155A8,,520/85R38 (20.8R38),0000-00-00 00:00:00,2015-10-08 10:36:14,/img/tires/perf_m.png,/img/tires/perf.png,Сельхоз шины,1,52085r38-208r38-firestone-performer-85,Бескамерная,Радиальная
70,67570,0,HI-TRACTION LUG RADIAL R-1,,520,85,38,,Titan,США,0,160A8/B,,520/85R38 (20.8R38),0000-00-00 00:00:00,2015-10-08 10:36:14,/img/tires/ag1002_m.png,/img/tires/ag1002.png,Сельхоз шины,1,52085r38-208r38-titan-hi-traction-lug-radial-r-1,Бескамерная,Радиальная
71,133280,0,Radial Deep Tread 23˚ R-1W,,650,85,38,,Firestone,США,0,173B,,650/85R38,0000-00-00 00:00:00,2015-10-08 10:36:14,/img/tires/raddeep_m.png,/img/tires/raddeep.png,Сельхоз шины,1,65085r38-firestone-radial-deep-tread-23-r-1w,Бескамерная,Радиальная
72,133280,0,Maxi Traction,,650,85,38,,Firestone,Испания,0,173D,,650/85R38,0000-00-00 00:00:00,2015-10-08 10:36:14,/img/tires/maxi_m.png,/img/tires/maxi.png,Сельхоз шины,1,65085r38-firestone-maxi-traction,Бескамерная,Радиальная
73,146375,0,Radial All Traction DT R-1W,,710,70,38,,Firestone,США,0,166B,,710/70R38,0000-00-00 00:00:00,2015-10-08 10:36:14,/img/tires/rat_m.png,/img/tires/rat.png,Сельхоз шины,1,71070r38-firestone-radial-all-traction-dt-r-1w,Бескамерная,Радиальная
74,146375,0,Maxi Traction,,710,70,38,,Firestone,Испания,0,171D,,710/70R38,0000-00-00 00:00:00,2015-10-08 10:36:14,/img/tires/maxi_m.png,/img/tires/maxi.png,Сельхоз шины,1,71070r38-firestone-maxi-traction,Бескамерная,Радиальная
75,133650,0,AG 49M RADIAL R-1W,,710,70,38,,Titan,США,0,166A8/B,,710/70R38,0000-00-00 00:00:00,2015-10-08 10:36:14,/img/tires/ag1002_m.png,/img/tires/ag1002.png,Сельхоз шины,1,71070r38-titan-ag-49m-radial-r-1w,Бескамерная,Радиальная
76,163730,0,Radial Deep Tread 23˚ R-1W,,800,70,38,,Firestone,США,0,173B,,800/70R38,0000-00-00 00:00:00,2015-10-08 10:36:14,/img/tires/raddeep_m.png,/img/tires/raddeep.png,Сельхоз шины,1,80070r38-firestone-radial-deep-tread-23-r-1w,Бескамерная,Радиальная
77,163730,0,Maxi Traction,,800,70,38,,Firestone,Испания,0,184D,,800/70R38,0000-00-00 00:00:00,2015-10-08 10:36:14,/img/tires/maxi_m.png,/img/tires/maxi.png,Сельхоз шины,1,80070r38-firestone-maxi-traction,Бескамерная,Радиальная
78,0,0,Radial All Traction 23˚ R-1,,520,85,42,,Firestone,США,0,157B,,520/85R42 (20.8R42),0000-00-00 00:00:00,2015-10-08 10:36:14,/img/tires/rat_m.png,/img/tires/rat.png,Сельхоз шины,0,52085r42-208r42-firestone-radial-all-traction-23-r-1,Бескамерная,Радиальная
79,81565,0,Performer 85 ,,520,85,42,,Firestone,Испания,0,162D,,520/85R42 (20.8R42),0000-00-00 00:00:00,2015-10-08 10:36:14,/img/tires/perf_m.png,/img/tires/perf.png,Сельхоз шины,1,52085r42-208r42-firestone-performer-85,Бескамерная,Радиальная
80,87270,0,Radial All Traction 23˚ R-1,,520,85,42,,Firestone,США,0,165B,,520/85R42 (20.8R42),0000-00-00 00:00:00,2015-10-08 10:36:15,/img/tires/rat_m.png,/img/tires/rat.png,Сельхоз шины,1,52085r42-208r42-firestone-radial-all-traction-23-r-1,Бескамерная,Радиальная
81,74470,0,HI-TRACTION LUG RADIAL R-1,,520,85,42,,Titan,США,0,157A8/B,,520/85R42 (20.8R42),0000-00-00 00:00:00,2015-10-08 10:36:15,/img/tires/ag1002_m.png,/img/tires/ag1002.png,Сельхоз шины,1,52085r42-208r42-titan-hi-traction-lug-radial-r-1,Бескамерная,Радиальная
82,122565,0,Radial All Traction DT R-1W,,620,70,42,,Firestone,США,0,160B,,620/70R42,0000-00-00 00:00:00,2015-10-08 10:36:15,/img/tires/rat_m.png,/img/tires/rat.png,Сельхоз шины,1,62070r42-firestone-radial-all-traction-dt-r-1w,Бескамерная,Радиальная
83,0,0,Maxi Traction,,620,70,42,,Firestone,Испания,0,160A8,,620/70R42,0000-00-00 00:00:00,2015-10-08 10:36:15,/img/tires/maxi_m.png,/img/tires/maxi.png,Сельхоз шины,0,62070r42-firestone-maxi-traction,Бескамерная,Радиальная
84,122565,0,Maxi Traction,,620,70,42,,Firestone,Испания,0,166D,,620/70R42,0000-00-00 00:00:00,2015-10-08 10:36:15,/img/tires/maxi_m.png,/img/tires/maxi.png,Сельхоз шины,1,62070r42-firestone-maxi-traction,Бескамерная,Радиальная
85,111900,0,AG 49M RADIAL R-1W,,620,70,42,,Titan,США,0,160A8/B,,620/70R42,0000-00-00 00:00:00,2015-10-08 10:36:15,/img/tires/ag1002_m.png,/img/tires/ag1002.png,Сельхоз шины,1,62070r42-titan-ag-49m-radial-r-1w,Бескамерная,Радиальная
86,103370,0,Performer 65,,650,65,42,,Firestone,Испания,0,158D,,650/65R42,0000-00-00 00:00:00,2015-10-08 10:36:15,/img/tires/perf_m.png,/img/tires/perf.png,Сельхоз шины,1,65065r42-firestone-performer-65,Бескамерная,Радиальная
87,159315,0,Radial All Traction DT R-1W,,710,70,42,,Firestone,США,0,168B,,710/70R42,0000-00-00 00:00:00,2015-10-08 10:36:15,/img/tires/rat_m.png,/img/tires/rat.png,Сельхоз шины,1,71070r42-firestone-radial-all-traction-dt-r-1w,Бескамерная,Радиальная
88,159315,0,Maxi Traction,,710,70,42,,Firestone,Испания,0,173D,,710/70R42,0000-00-00 00:00:00,2015-10-08 10:36:15,/img/tires/maxi_m.png,/img/tires/maxi.png,Сельхоз шины,1,71070r42-firestone-maxi-traction,Бескамерная,Радиальная
89,143970,0,AG 49M RADIAL R-1W,,710,70,42,,Titan,США,0,179A8/B,,710/70R42,0000-00-00 00:00:00,2015-10-08 10:36:15,/img/tires/ag1002_m.png,/img/tires/ag1002.png,Сельхоз шины,1,71070r42-titan-ag-49m-radial-r-1w,Бескамерная,Радиальная
90,61645,0,Radial 9000 R-1W,,320,90,46,,Firestone,США,0,148B,,320/90R46,0000-00-00 00:00:00,2015-10-08 10:36:15,/img/tires/9000_m.png,/img/tires/9000.png,Сельхоз шины,1,32090r46-firestone-radial-9000-r-1w,Бескамерная,Радиальная
91,56280,0,TT49V R-1W,,320,90,46,,Titan,США,0,156A8/B,,320/90R46,0000-00-00 00:00:00,2015-10-08 10:36:15,/img/tires/ag1022_m.png,/img/tires/ag1022.png,Сельхоз шины,1,32090r46-titan-tt49v-r-1w,Бескамерная,Радиальная
92,71860,0,HI-TRACTION LUG RADIAL R-1,,380,90,46,,Titan,США,0,156A8/B,,380/90R46,0000-00-00 00:00:00,2015-10-08 10:36:15,/img/tires/ag1002_m.png,/img/tires/ag1002.png,Сельхоз шины,1,38090r46-titan-hi-traction-lug-radial-r-1,Бескамерная,Радиальная
93,91280,0,Radial All Traction 23˚ R-1,,480,80,46,,Firestone,США,0,158B,,480/80R46,0000-00-00 00:00:00,2015-10-08 10:36:15,/img/tires/rat_m.png,/img/tires/rat.png,Сельхоз шины,1,48080r46-firestone-radial-all-traction-23-r-1,Бескамерная,Радиальная
94,79360,0,HI-TRACTION LUG RADIAL R-1,,480,80,46,,Titan,США,0,158A8/B,,480/80R46,0000-00-00 00:00:00,2015-10-08 10:36:15,/img/tires/ag1002_m.png,/img/tires/ag1002.png,Сельхоз шины,1,48080r46-titan-hi-traction-lug-radial-r-1,Бескамерная,Радиальная
95,67480,0,Radial 9000 R-1W,,380,90,50,,Firestone,США,0,151/A8,,380/90R50,0000-00-00 00:00:00,2015-10-08 10:36:15,,/img/tires/9000.png,Сельхоз шины,1,38090r50-firestone-radial-9000-r-1w,Бескамерная,Радиальная
96,67480,0,Radial 9000 R-1W,,380,90,50,,Firestone,США,0,151B,,380/90R50,0000-00-00 00:00:00,2015-10-08 10:36:15,/img/tires/9000_m.png,/img/tires/9000.png,Сельхоз шины,1,38090r50-firestone-radial-9000-r-1w1,Бескамерная,Радиальная
97,135850,0,Radial 9100 R-1,,380,105,50,,Firestone,США,0,168B,,380/105R50,0000-00-00 00:00:00,2015-10-08 10:36:15,/img/tires/9000_m.png,/img/tires/9000.png,Сельхоз шины,1,380105r50-firestone-radial-9100-r-1,Бескамерная,Радиальная
98,80145,0,Radial All Traction DT R-1W,,320,90,54,,Firestone,США,0,149B,,320/90R54 (12.4R54),0000-00-00 00:00:00,2015-10-08 10:36:15,/img/tires/rat_m.png,/img/tires/rat.png,Сельхоз шины,1,32090r54-124r54-firestone-radial-all-traction-dt-r-1w,Бескамерная,Радиальная
99,73190,0,TT49V R-1W,,320,90,54,,Titan,США,0,154A8/B,,320/90R54 (12.4R54),0000-00-00 00:00:00,2015-10-08 10:36:15,/img/tires/ag1022_m.png,/img/tires/ag1022.png,Сельхоз шины,1,32090r54-124r54-titan-tt49v-r-1w,Бескамерная,Радиальная
100,14825,0,R187,,,,,,Bridgestone,Тайланд,0,143/141J,,8.25R15,0000-00-00 00:00:00,2015-10-08 10:36:15,,/img/tires/r187.png,Грузовые шины,1,825r15-bridgestone-r187,Бескамерная,Универсальная
101,9130,0,M723,,,,,,Bridgestone,Тайланд,0,121/120N,,225/75R16C,0000-00-00 00:00:00,2015-10-08 10:36:15,,/img/tires/m723.png,Грузовые шины,1,22575r16c-bridgestone-m723,Бескамерная,Универсальная
102,11070,0,R168,,,,,,Bridgestone,Тайланд,0,127/125J,,205/65R17.5,0000-00-00 00:00:00,2015-10-08 10:36:15,,/img/tires/r168.png,Грузовые шины,1,20565r175-bridgestone-r168,Бескамерная,Прицеп
103,9220,0,R227,,,,,,Bridgestone,Тайланд,0,124/122M,,205/75R17.5,0000-00-00 00:00:00,2015-10-08 10:36:15,,/img/tires/r227.png,Грузовые шины,1,20575r175-bridgestone-r227,Бескамерная,Рулевая ось
104,9595,0,M729,,,,,,Bridgestone,Тайланд,0,124/122M,,205/75R17.5,0000-00-00 00:00:00,2015-10-08 10:36:15,,/img/tires/m729.png,Грузовые шины,1,20575r175-bridgestone-m729,Бескамерная,Ведущая ось
105,10970,0,R294,,,,,,Bridgestone,Тайланд,0,126/124M,,215/75R17.5,0000-00-00 00:00:00,2015-10-08 10:36:15,,/img/tires/r294.png,Грузовые шины,1,21575r175-bridgestone-r294,Бескамерная,Рулевая ось
106,11370,0,M788,,,,,,Bridgestone,Тайланд,0,126/124,,215/75R17.5,0000-00-00 00:00:00,2015-10-08 10:36:15,,/img/tires/m788.png,Грузовые шины,1,21575r175-bridgestone-m788,Бескамерная,Универсальная
107,11430,0,M729,,,,,,Bridgestone,Тайланд,0,126/124M,,215/75R17.5,0000-00-00 00:00:00,2015-10-08 10:36:15,,/img/tires/m729.png,Грузовые шины,1,21575r175-bridgestone-m729,Бескамерная,Ведущая ось
108,11180,0,R168,,,,,,Bridgestone,Тайланд,0,135/133J,,215/75R17.5,0000-00-00 00:00:00,2015-10-08 10:36:15,,/img/tires/r168.png,Грузовые шины,1,21575r175-bridgestone-r168,Бескамерная,Прицеп
109,10870,0,R227,,,,,,Bridgestone,Тайланд,0,129/127M,,225/75R17.5,0000-00-00 00:00:00,2015-10-08 10:36:15,,/img/tires/r227.png,Грузовые шины,1,22575r175-bridgestone-r227,Бескамерная,Рулевая ось
110,12540,0,R294,,,,,,Bridgestone,Тайланд,0,129/127M,,225/75R17.5,0000-00-00 00:00:00,2015-10-08 10:36:15,,/img/tires/r294.png,Грузовые шины,1,22575r175-bridgestone-r294,Бескамерная,Рулевая ось
111,13510,0,M788,,,,,,Bridgestone,Тайланд,0,129/127M,,225/75R17.5,0000-00-00 00:00:00,2015-10-08 10:36:15,,/img/tires/m788.png,Грузовые шины,1,22575r175-bridgestone-m788,Бескамерная,Универсальная
112,13830,0,M729,,,,,,Bridgestone,Тайланд,0,129/127M,,225/75R17.5,0000-00-00 00:00:00,2015-10-08 10:36:15,,/img/tires/m729.png,Грузовые шины,1,22575r175-bridgestone-m729,Бескамерная,Ведущая ось
113,13280,0,R227,,,,,,Bridgestone,Тайланд,0,132/130M,,235/75R17.5,0000-00-00 00:00:00,2015-10-08 10:36:15,,/img/tires/r227.png,Грузовые шины,1,23575r175-bridgestone-r227,Бескамерная,Рулевая ось
114,13810,0,M729,,,,,,Bridgestone,Тайланд,0,132/130M,,235/75R17.5,0000-00-00 00:00:00,2015-10-08 10:36:15,,/img/tires/m729.png,Грузовые шины,1,23575r175-bridgestone-m729,Бескамерная,Ведущая ось
115,13980,0,R168,,,,,,Bridgestone,Тайланд,0,143/141J,,235/75R17.5,0000-00-00 00:00:00,2015-10-08 10:36:15,,/img/tires/r168.png,Грузовые шины,1,23575r175-bridgestone-r168,Бескамерная,Прицеп
116,13390,0,R227,,,,,,Bridgestone,Тайланд,0,129/127M,,9.5R17.5,0000-00-00 00:00:00,2015-10-08 10:36:15,,/img/tires/r227.png,Грузовые шины,1,95r175-bridgestone-r227,Бескамерная,Рулевая ось
117,14130,0,M729,,,,,,Bridgestone,Тайланд,0,129/127M,,9.5R17.5,0000-00-00 00:00:00,2015-10-08 10:36:15,,/img/tires/m729.png,Грузовые шины,1,95r175-bridgestone-m729,Бескамерная,Ведущая ось
118,15630,0,R227,,,,,,Bridgestone,Тайланд,0,136/134M,,245/70R17.5,0000-00-00 00:00:00,2015-10-08 10:36:15,,/img/tires/r227.png,Грузовые шины,1,24570r175-bridgestone-r227,Бескамерная,Рулевая ось
119,16290,0,M729,,,,,,Bridgestone,Тайланд,0,136/134M,,245/70R17.5,0000-00-00 00:00:00,2015-10-08 10:36:15,,/img/tires/m729.png,Грузовые шины,1,24570r175-bridgestone-m729,Бескамерная,Ведущая ось
120,15140,0,R168,,,,,,Bridgestone,Тайланд,0,143/141J,,245/70R17.5,0000-00-00 00:00:00,2015-10-08 10:36:15,,/img/tires/r168.png,Грузовые шины,1,24570r175-bridgestone-r168,Бескамерная,Прицеп
121,17240,0,R227,,,,,,Bridgestone,Тайланд,0,138/136M,,265/70R17.5,0000-00-00 00:00:00,2015-10-08 10:36:15,,/img/tires/r227.png,Грузовые шины,1,26570r175-bridgestone-r227,Бескамерная,Рулевая ось
122,17195,0,M729,,,,,,Bridgestone,Тайланд,0,138/136M,,265/70R17.5,0000-00-00 00:00:00,2015-10-08 10:36:15,,/img/tires/m729.png,Грузовые шины,1,26570r175-bridgestone-m729,Бескамерная,Ведущая ось
123,14830,0,R227,,,,,,Bridgestone,Тайланд,0,136/134M,,245/70R19.5,0000-00-00 00:00:00,2015-10-08 10:36:15,,/img/tires/r227.png,Грузовые шины,1,24570r195-bridgestone-r227,Бескамерная,Рулевая ось
124,15470,0,M729,,,,,,Bridgestone,Тайланд,0,136/134M,,245/70R19.5,0000-00-00 00:00:00,2015-10-08 10:36:16,,/img/tires/m729.png,Грузовые шины,1,24570r195-bridgestone-m729,Бескамерная,Ведущая ось
125,14550,0,R168,,,,,,Bridgestone,Тайланд,0,141/140J,,245/70R19.5,0000-00-00 00:00:00,2015-10-08 10:36:16,,/img/tires/r168.png,Грузовые шины,1,24570r195-bridgestone-r168,Бескамерная,Прицеп
126,15745,0,R227,,,,,,Bridgestone,Тайланд,0,140/138M,,265/70R19.5,0000-00-00 00:00:00,2015-10-08 10:36:16,,/img/tires/r227.png,Грузовые шины,1,26570r195-bridgestone-r227,Бескамерная,Рулевая ось
127,16610,0,M729,,,,,,Bridgestone,Тайланд,0,140/138M,,265/70R19.5,0000-00-00 00:00:00,2015-10-08 10:36:16,,/img/tires/m729.png,Грузовые шины,1,26570r195-bridgestone-m729,Бескамерная,Ведущая ось
128,18410,0,R227,,,,,,Bridgestone,Тайланд,0,145/143M,,285/70R19.5,0000-00-00 00:00:00,2015-10-08 10:36:16,,/img/tires/r227.png,Грузовые шины,1,28570r195-bridgestone-r227,Бескамерная,Рулевая ось
129,19255,0,M729,,,,,,Bridgestone,Тайланд,0,145/143M,,285/70R19.5,0000-00-00 00:00:00,2015-10-08 10:36:16,,/img/tires/m729.png,Грузовые шины,1,28570r195-bridgestone-m729,Бескамерная,Ведущая ось
130,17920,0,R168,,,,,,Bridgestone,Тайланд,0,148/145J,,285/70R19.5,0000-00-00 00:00:00,2015-10-08 10:36:16,,/img/tires/r168.png,Грузовые шины,1,28570r195-bridgestone-r168,Бескамерная,Прицеп
131,18630,0,R227,,,,,,Bridgestone,Тайланд,0,148/145M,,305/70R19.5,0000-00-00 00:00:00,2015-10-08 10:36:16,,/img/tires/r227.png,Грузовые шины,1,30570r195-bridgestone-r227,Бескамерная,Рулевая ось
132,19400,0,M729,,,,,,Bridgestone,Тайланд,0,148/145M,,305/70R19.5,0000-00-00 00:00:00,2015-10-08 10:36:16,,/img/tires/m729.png,Грузовые шины,1,30570r195-bridgestone-m729,Бескамерная,Ведущая ось
133,30460,0,R166,,,,,,Bridgestone,Тайланд,0,160J,,435/50R19.5,0000-00-00 00:00:00,2015-10-08 10:36:16,,/img/tires/r166.png,Грузовые шины,1,43550r195-bridgestone-r166,Бескамерная,Прицеп
134,19120,0,R187,,,,,,Bridgestone,Тайланд,0,146/143K,,10.00R20,0000-00-00 00:00:00,2015-10-08 10:36:16,,/img/tires/r187.png,Грузовые шины,1,1000r20-bridgestone-r187,Камерная,Универсальная
135,20050,0,G611,,,,,,Bridgestone,Тайланд,0,148/144,,10.00R20,0000-00-00 00:00:00,2015-10-08 10:36:16,,/img/tires/g611.png,Грузовые шины,1,1000r20-bridgestone-g611,Камерная,Универсальная
136,22140,0,R295,,,,,,Bridgestone,Тайланд,0,150K,,11.00R20,0000-00-00 00:00:00,2015-10-08 10:36:16,,/img/tires/r295.png,Грузовые шины,1,1100r20-bridgestone-r295,Камерная,Рулевая ось
137,24160,0,M729,,,,,,Bridgestone,Тайланд,0,150/146K,,11.00R20,0000-00-00 00:00:00,2015-10-08 10:36:16,,/img/tires/m729.png,Грузовые шины,1,1100r20-bridgestone-m729,Камерная,Ведущая ось
138,23250,0,G611,,,,,,Bridgestone,Тайланд,0,150/146K,,11.00R20,0000-00-00 00:00:00,2015-10-08 10:36:16,,/img/tires/g611.png,Грузовые шины,1,1100r20-bridgestone-g611,Камерная,Универсальная
139,21040,0,UT3000,,,,,,Firestone,Тайланд,0,150/146K,,11.00R20,0000-00-00 00:00:00,2015-10-08 10:36:16,,/img/tires/ut3000.png,Грузовые шины,1,1100r20-firestone-ut3000,Камерная,Универсальная
140,27710,0,L355,,,,,,Bridgestone,Тайланд,0,154/150K,,12.00R20,0000-00-00 00:00:00,2015-10-08 10:36:16,,/img/tires/l355.png,Грузовые шины,1,1200r20-bridgestone-l355,Камерная,Ведущая ось
141,26320,0,M840,,,,,,Bridgestone,Тайланд,0,154/150K,,12.00R20,0000-00-00 00:00:00,2015-10-08 10:36:16,,/img/tires/m840.png,Грузовые шины,1,1200r20-bridgestone-m840,Камерная,Универсальная
142,30220,0,L317,,,,,,Bridgestone,Тайланд,0,154/150G,,12.00R20,0000-00-00 00:00:00,2015-10-08 10:36:16,,/img/tires/l317.png,Грузовые шины,1,1200r20-bridgestone-l317,Камерная,Универсальная
143,38120,0,VSJ,,,,,,Bridgestone,Тайланд,0,161/156K,,14.00R20,0000-00-00 00:00:00,2015-10-08 10:36:16,,/img/tires/vsj.png,Грузовые шины,1,1400r20-bridgestone-vsj,Бескамерная,Универсальная
144,18190,0,R295,,,,,,Bridgestone,Тайланд,0,148/145L,,11R22.5,0000-00-00 00:00:00,2015-10-08 10:36:16,,/img/tires/r295.png,Грузовые шины,1,11r225-bridgestone-r295,Бескамерная,Рулевая ось
145,19025,0,M716,,,,,,Bridgestone,Тайланд,0,148/145L,,11R22.5,0000-00-00 00:00:00,2015-10-08 10:36:16,,/img/tires/m716.png,Грузовые шины,1,11r225-bridgestone-m716,Бескамерная,Ведущая ось
146,18385,0,G611,,,,,,Bridgestone,Тайланд,0,148/145J,,11R22.5,0000-00-00 00:00:00,2015-10-08 10:36:16,,/img/tires/g611.png,Грузовые шины,1,11r225-bridgestone-g611,Бескамерная,Универсальная
147,17630,0,FS400,,,,,,Firestone,Тайланд,0,152/148L,,12R22.5,0000-00-00 00:00:00,2015-10-08 10:36:16,,/img/tires/fs400.png,Грузовые шины,1,12r225-firestone-fs400,Бескамерная,Рулевая ось
148,18370,0,FD600,,,,,,Firestone,Тайланд,0,152/148L,,12R22.5,0000-00-00 00:00:00,2015-10-08 10:36:16,,/img/tires/fd600.png,Грузовые шины,1,12r225-firestone-fd600,Бескамерная,Ведущая ось
149,27150,0,L355,,,,,,Bridgestone,Тайланд,0,154/150K,,13R22.5,0000-00-00 00:00:00,2015-10-08 10:36:16,,/img/tires/l355.png,Грузовые шины,1,13r225-bridgestone-l355,Бескамерная,Ведущая ось
150,25790,0,M840,,,,,,Bridgestone,Тайланд,0,154K,,13R22.5,0000-00-00 00:00:00,2015-10-08 10:36:16,,/img/tires/m840.png,Грузовые шины,1,13r225-bridgestone-m840,Бескамерная,Универсальная
151,27915,0,L317,,,,,,Bridgestone,Тайланд,0,154/150G,,13R22.5,0000-00-00 00:00:00,2015-10-08 10:36:16,,/img/tires/l317.png,Грузовые шины,1,13r225-bridgestone-l317,Бескамерная,Ведущая ось
152,20440,0,R227,,,,,,Bridgestone,Тайланд,0,148/145M,,275/70R22.5,0000-00-00 00:00:00,2015-10-08 10:36:16,,/img/tires/r227.png,Грузовые шины,1,27570r225-bridgestone-r227,Бескамерная,Рулевая ось
153,21500,0,M729,,,,,,Bridgestone,Тайланд,0,148/145M,,275/70R22.5,0000-00-00 00:00:00,2015-10-08 10:36:16,,/img/tires/m729.png,Грузовые шины,1,27570r225-bridgestone-m729,Бескамерная,Ведущая ось
154,20480,0,M788,,,,,,Bridgestone,Тайланд,0,148/145M,,275/70R22.5,0000-00-00 00:00:00,2015-10-08 10:36:16,,/img/tires/m788.png,Грузовые шины,1,27570r225-bridgestone-m788,Бескамерная,Универсальная
155,19870,0,R184,,,,,,Bridgestone,Тайланд,0,148/145L,,275/70R22.5,0000-00-00 00:00:00,2015-10-08 10:36:16,,/img/tires/r184.png,Грузовые шины,1,27570r225-bridgestone-r184,Бескамерная,Прицеп
156,20000,0,M716,,,,,,Bridgestone,Тайланд,0,149/146M,,275/80R22.5,0000-00-00 00:00:00,2015-10-08 10:36:16,,/img/tires/m716.png,Грузовые шины,1,27580r225-bridgestone-m716,Бескамерная,Ведущая ось
157,18810,0,R294,,,,,,Bridgestone,Тайланд,0,149/146M,,275/80R22.5,0000-00-00 00:00:00,2015-10-08 10:36:16,,/img/tires/r294.png,Грузовые шины,1,27580r225-bridgestone-r294,Бескамерная,Рулевая ось
158,22165,0,R249,,,,,,Bridgestone,Тайланд,0,152/148M,,295/80R22.5,0000-00-00 00:00:00,2015-10-08 10:36:16,,/img/tires/r249.png,Грузовые шины,1,29580r225-bridgestone-r249,Бескамерная,Рулевая ось
159,17940,0,FS400,,,,,,Firestone,Тайланд,0,152/148M,,295/80R22.5,0000-00-00 00:00:00,2015-10-08 10:36:16,,/img/tires/fs400.png,Грузовые шины,1,29580r225-firestone-fs400,Бескамерная,Рулевая ось
160,23430,0,M729,,,,,,Bridgestone,Тайланд,0,152/148M,,295/80R22.5,0000-00-00 00:00:00,2015-10-08 10:36:16,,/img/tires/m729.png,Грузовые шины,1,29580r225-bridgestone-m729,Бескамерная,Ведущая ось
161,23675,0,W990,,,,,,Bridgestone,Тайланд,0,152/148M,,295/80R22.5,0000-00-00 00:00:00,2015-10-08 10:36:16,,/img/tires/w990.png,Грузовые шины,1,29580r225-bridgestone-w990,Бескамерная,Ведущая ось
162,19090,0,FD600,,,,,,Firestone,Тайланд,0,152/148M,,295/80R22.5,0000-00-00 00:00:00,2015-10-08 10:36:16,,/img/tires/fd600.png,Грузовые шины,1,29580r225-firestone-fd600,Бескамерная,Ведущая ось
163,22315,0,M788,,,,,,Bridgestone,Тайланд,0,152/148M,,295/80R22.5,0000-00-00 00:00:00,2015-10-08 10:36:16,,/img/tires/m788.png,Грузовые шины,1,29580r225-bridgestone-m788,Бескамерная,Универсальная
164,23490,0,M840,,,,,,Bridgestone,Тайланд,0,В52К,,295/80R22.5,0000-00-00 00:00:00,2015-10-08 10:36:16,,/img/tires/m840.png,Грузовые шины,1,29580r225-bridgestone-m840,Бескамерная,Универсальная
165,22885,0,R249,,,,,,Bridgestone,Тайланд,0,150/147L,,295/60R22.5,0000-00-00 00:00:00,2015-10-08 10:36:16,,/img/tires/r249.png,Грузовые шины,1,29560r225-bridgestone-r249,Бескамерная,Рулевая ось
166,24500,0,M729,,,,,,Bridgestone,Тайланд,0,150/147L,,295/60R22.5,0000-00-00 00:00:00,2015-10-08 10:36:16,,/img/tires/m729.png,Грузовые шины,1,29560r225-bridgestone-m729,Бескамерная,Ведущая ось
167,23445,0,R227,,,,,,Bridgestone,Тайланд,0,150/148M,,305/70R22.5,0000-00-00 00:00:00,2015-10-08 10:36:16,,/img/tires/r227.png,Грузовые шины,1,30570r225-bridgestone-r227,Бескамерная,Рулевая ось
168,24750,0,M729,,,,,,Bridgestone,Тайланд,0,150/148M,,305/70R22.5,0000-00-00 00:00:00,2015-10-08 10:36:17,,/img/tires/m729.png,Грузовые шины,1,30570r225-bridgestone-m729,Бескамерная,Ведущая ось
169,24115,0,R249,,,,,,Bridgestone,Тайланд,0,154/150M,,315/80R22.5,0000-00-00 00:00:00,2015-10-08 10:36:17,,/img/tires/r249.png,Грузовые шины,1,31580r225-bridgestone-r249,Бескамерная,Рулевая ось
170,19505,0,FS400,,,,,,Firestone,Тайланд,0,154/150M,,315/80R22.5,0000-00-00 00:00:00,2015-10-08 10:36:17,,/img/tires/fs400.png,Грузовые шины,1,31580r225-firestone-fs400,Бескамерная,Рулевая ось
171,19505,0,FS422,,,,,,Firestone,Тайланд,0,154/150M,,315/80R22.5,0000-00-00 00:00:00,2015-10-08 10:36:17,,/img/tires/fs422.png,Грузовые шины,1,31580r225-firestone-fs422,Бескамерная,Рулевая ось
172,25460,0,M729,,,,,,Bridgestone,Тайланд,0,154/150M,,315/80R22.5,0000-00-00 00:00:00,2015-10-08 10:36:17,,/img/tires/m729.png,Грузовые шины,1,31580r225-bridgestone-m729,Бескамерная,Ведущая ось
173,25200,0,L355,,,,,,Bridgestone,Тайланд,0,156/150K,,315/80R22.5,0000-00-00 00:00:00,2015-10-08 10:36:17,,/img/tires/l355.png,Грузовые шины,1,31580r225-bridgestone-l355,Бескамерная,Ведущая ось
174,24850,0,W990,,,,,,Bridgestone,Тайланд,0,154/150M,,315/80R22.5,0000-00-00 00:00:00,2015-10-08 10:36:17,,/img/tires/w990.png,Грузовые шины,1,31580r225-bridgestone-w990,Бескамерная,Ведущая ось
175,20765,0,FD600,,,,,,Firestone,Тайланд,0,154/150M,,315/80R22.5,0000-00-00 00:00:00,2015-10-08 10:36:17,,/img/tires/fd600.png,Грузовые шины,1,31580r225-firestone-fd600,Бескамерная,Ведущая ось
176,20765,0,FD622,,,,,,Firestone,Тайланд,0,154/150M,,315/80R22.5,0000-00-00 00:00:00,2015-10-08 10:36:17,,/img/tires/fd622.png,Грузовые шины,1,31580r225-firestone-fd622,Бескамерная,Ведущая ось
177,23460,0,M788,,,,,,Bridgestone,Тайланд,0,156/150L,,315/80R22.5,0000-00-00 00:00:00,2015-10-08 10:36:17,,/img/tires/m788.png,Грузовые шины,1,31580r225-bridgestone-m788,Бескамерная,Универсальная
178,23950,0,M840,,,,,,Bridgestone,Тайланд,0,156/150K,,315/80R22.5,0000-00-00 00:00:00,2015-10-08 10:36:17,,/img/tires/m840.png,Грузовые шины,1,31580r225-bridgestone-m840,Бескамерная,Универсальная
179,20620,0,UT3000,,,,,,Firestone,Тайланд,0,156/150K,,315/80R22.5,0000-00-00 00:00:00,2015-10-08 10:36:17,,/img/tires/ut3000.png,Грузовые шины,1,31580r225-firestone-ut3000,Камерная,Универсальная
180,21695,0,SAT3000,,,,,,Firestone,Тайланд,0,156/150K,,315/80R22.5,0000-00-00 00:00:00,2015-10-08 10:36:17,,/img/tires/sat3000.png,Грузовые шины,1,31580r225-firestone-sat3000,Камерная,Универсальная
181,23840,0,RSV001,,,,,,Bridgestone,Тайланд,0,156/150L,,315/70R22.5,0000-00-00 00:00:00,2015-10-08 10:36:17,,/img/tires/rsv001.png,Грузовые шины,1,31570r225-bridgestone-rsv001,Бескамерная,Рулевая ось
182,23840,0,EHS1,,,,,,Bridgestone,Тайланд,0,156/150L,,315/70R22.5,0000-00-00 00:00:00,2015-10-08 10:36:17,,/img/tires/ehs1.png,Грузовые шины,1,31570r225-bridgestone-ehs1,Бескамерная,Рулевая ось
183,23840,0,R249,,,,,,Bridgestone,Тайланд,0,152/148М,,315/70R22.5,0000-00-00 00:00:00,2015-10-08 10:36:17,,/img/tires/r249.png,Грузовые шины,1,31570r225-bridgestone-r249,Бескамерная,Рулевая ось
184,20550,0,FS400,,,,,,Firestone,Тайланд,0,152/148,,315/70R22.5,0000-00-00 00:00:00,2015-10-08 10:36:17,,/img/tires/fs400.png,Грузовые шины,1,31570r225-firestone-fs400,Бескамерная,Рулевая ось
185,25195,0,M729,,,,,,Bridgestone,Тайланд,0,152/148M,,315/70R22.5,0000-00-00 00:00:00,2015-10-08 10:36:17,,/img/tires/m729.png,Грузовые шины,1,31570r225-bridgestone-m729,Бескамерная,Ведущая ось
186,25195,0,RDV001,,,,,,Bridgestone,Тайланд,0,152/148M,,315/70R22.5,0000-00-00 00:00:00,2015-10-08 10:36:17,,/img/tires/rdv001.png,Грузовые шины,1,31570r225-bridgestone-rdv001,Бескамерная,Ведущая ось
187,25195,0,EHD1,,,,,,Bridgestone,Тайланд,0,152/148M,,315/70R22.5,0000-00-00 00:00:00,2015-10-08 10:36:17,,/img/tires/ehd1.png,Грузовые шины,1,31570r225-bridgestone-ehd1,Бескамерная,Ведущая ось
188,20900,0,FD600,,,,,,Firestone,Тайланд,0,152/148,,315/70R22.5,0000-00-00 00:00:00,2015-10-08 10:36:17,,/img/tires/fd600.png,Грузовые шины,1,31570r225-firestone-fd600,Бескамерная,Ведущая ось
189,26190,0,W990,,,,,,Bridgestone,Тайланд,0,152/148M,,315/70R22.5,0000-00-00 00:00:00,2015-10-08 10:36:17,,/img/tires/w990.png,Грузовые шины,1,31570r225-bridgestone-w990,Бескамерная,Ведущая ось
190,23440,0,M788,,,,,,Bridgestone,Тайланд,0,152/148M,,315/70R22.5,0000-00-00 00:00:00,2015-10-08 10:36:17,,/img/tires/m788.png,Грузовые шины,1,31570r225-bridgestone-m788,Бескамерная,Универсальная
191,24550,0,R249,,,,,,Bridgestone,Тайланд,0,152/148L,,315/60R22.5,0000-00-00 00:00:00,2015-10-08 10:36:17,,/img/tires/r249.png,Грузовые шины,1,31560r225-bridgestone-r249,Бескамерная,Рулевая ось
192,25660,0,M729,,,,,,Bridgestone,Тайланд,0,152/148L,,315/60R22.5,0000-00-00 00:00:00,2015-10-08 10:36:17,,/img/tires/m729.png,Грузовые шины,1,31560r225-bridgestone-m729,Бескамерная,Ведущая ось
193,24410,0,R168,,,,,,Bridgestone,Тайланд,0,160K,,385/65R22.5,0000-00-00 00:00:00,2015-10-08 10:36:17,,/img/tires/r168.png,Грузовые шины,1,38565r225-bridgestone-r168,Бескамерная,Прицеп
194,26160,0,M748,,,,,,Bridgestone,Тайланд,0,160K,,385/65R22.5,0000-00-00 00:00:00,2015-10-08 10:36:17,,/img/tires/m748.png,Грузовые шины,1,38565r225-bridgestone-m748,Бескамерная,Прицеп
195,20520,0,TSP522,,,,,,Firestone,Тайланд,0,160J,,385/65R22.5,0000-00-00 00:00:00,2015-10-08 10:36:17,,/img/tires/tsp522.png,Грузовые шины,1,38565r225-firestone-tsp522,Бескамерная,Прицеп
196,20520,0,TSP3000,,,,,,Firestone,Тайланд,0,160J,,385/65R22.5,0000-00-00 00:00:00,2015-10-08 10:36:17,,/img/tires/tsp3000.png,Грузовые шины,1,38565r225-firestone-tsp3000,Бескамерная,Универсальная
197,25610,0,R249,,,,,,Bridgestone,Тайланд,0,160K,,385/65R22.5,0000-00-00 00:00:00,2015-10-08 10:36:17,,/img/tires/r249.png,Грузовые шины,1,38565r225-bridgestone-r249,Бескамерная,Универсальная
198,26360,0,R168,,,,,,Bridgestone,Тайланд,0,160K,,385/55R22.5,0000-00-00 00:00:00,2015-10-08 10:36:17,,/img/tires/r168.png,Грузовые шины,1,38555r225-bridgestone-r168,Бескамерная,Прицеп
199,25360,0,R249,,,,,,Bridgestone,Тайланд,0,160,,385/55R22.5,0000-00-00 00:00:00,2015-10-08 10:36:17,,/img/tires/r249.png,Грузовые шины,1,38555r225-bridgestone-r249,Бескамерная,Прицеп
200,35460,0,R164,,,,,,Bridgestone,Тайланд,0,165K,,425/65R22.5,0000-00-00 00:00:00,2015-10-08 10:36:17,,/img/tires/r164.png,Грузовые шины,1,42565r225-bridgestone-r164,Бескамерная,Прицеп
201,34470,0,M748,,,,,,Bridgestone,Тайланд,0,165K,,425/65R22.5,0000-00-00 00:00:00,2015-10-08 10:36:17,,/img/tires/m748.png,Грузовые шины,1,42565r225-bridgestone-m748,Бескамерная,Прицеп
202,40730,0,R164,,,,,,Bridgestone,Тайланд,0,169K,,445/65R22.5,0000-00-00 00:00:00,2015-10-08 10:36:17,,/img/tires/r164.png,Грузовые шины,1,44565r225-bridgestone-r164,Бескамерная,Прицеп
203,42760,0,M748,,,,,,Bridgestone,Тайланд,0,169K,,445/65R22.5,0000-00-00 00:00:00,2015-10-08 10:36:17,,/img/tires/m748.png,Грузовые шины,1,44565r225-bridgestone-m748,Бескамерная,Прицеп
204,27990,0,L355,,,,,,Bridgestone,Тайланд,0,156/153J,,12.00R24,0000-00-00 00:00:00,2015-10-08 10:36:17,,/img/tires/l355.png,Грузовые шины,1,1200r24-bridgestone-l355,Бескамерная,Ведущая ось
205,26390,0,M840,,,,,,Bridgestone,Тайланд,0,156/153K,,12.00R24,0000-00-00 00:00:00,2015-10-08 10:36:17,,/img/tires/m840.png,Грузовые шины,1,1200r24-bridgestone-m840,Бескамерная,Универсальная
206,27710,0,M840,,,,,,Bridgestone,Тайланд,0,162K,,325/95R24,0000-00-00 00:00:00,2015-10-08 10:36:17,,/img/tires/m840.png,Грузовые шины,1,32595r24-bridgestone-m840,Бескамерная,Универсальная
207,16000,0,TZ-10 EXTRA,,,,,,Zeetex,Китай,0,156/150L,,315/80R22.5,0000-00-00 00:00:00,2015-10-08 10:36:17,,/img/tires/tz10.png,Грузовые шины,1,31580r225-zeetex-tz-10-extra,Бескамерная,Ведущая ось
208,15500,0,TZ-11 EXTRA,,,,,,Zeetex,Китай,0,154M,,315/70R22.5,0000-00-00 00:00:00,2015-10-08 10:36:17,,/img/tires/tz11.png,Грузовые шины,1,31570r225-zeetex-tz-11-extra,Бескамерная,Ведущая ось
209,16500,0,ZS-09,,,,,,Zeetex,Китай,0,160К,,385/65R22.5,0000-00-00 00:00:00,2015-10-08 10:36:17,,/img/tires/zs09.png,Грузовые шины,1,38565r225-zeetex-zs-09,Бескамерная,Прицеп
210,13000,0,TZ-12 EXTRA,,,,,,Zeetex,Китай,0,,,295/75R22.5,0000-00-00 00:00:00,2015-10-08 10:36:17,,/img/tires/tz12.png,Грузовые шины,1,29575r225-zeetex-tz-12-extra,Бескамерная,Ведущая ось
211,19100,0,KRD-02 LONGMARK,,,,,,Kumho,Корея,0,152/148M,,295/80R22.5,0000-00-00 00:00:00,2015-10-08 10:36:17,,/img/tires/krd02.png,Грузовые шины,1,29580R225-kumho-krd-02-longmark,Бескамерная,Ведущая ось
212,20800,0,KRD-02 LONGMARK,,,,,,Kumho,Корея,0,156/150L,,315/80R22.5,0000-00-00 00:00:00,2015-10-08 10:36:17,,/img/tires/krd02.png,Грузовые шины,1,31580R225-kumho-krd-02-longmark,Бескамерная,Ведущая ось
213,19900,0,DH1 EU LRJ 18 PR,,,,,,Matador,Словакия,0,154/150L,,315/70R22.5,0000-00-00 00:00:00,2015-10-08 10:36:17,,/img/tires/dh1.png,Грузовые шины,1,31570R225-matador-dh1-eu-lrj-18-pr,Бескамерная,Ведущая ось
214,14940,0,KRS-02,,,,,,Kumho,Корея,0,149/146L,,275/80R22.5,0000-00-00 00:00:00,2015-10-08 10:36:17,,/img/tires/krs02.png,Грузовые шины,1,27580R225-kumho-krs-02,Бескамерная,Рулевая ось
215,22520,0,KRS-50,,,,,,Kumho,Корея,0,154/150L,,385/65R22.5,0000-00-00 00:00:00,2015-10-08 10:36:17,,/img/tires/krs50.png,Грузовые шины,1,38565R225-kumho-krs-50,Бескамерная,Универсальная
216,21500,0,M788,,,,,,Bridgestone,Тайланд,0,160К/158,,385/65R22.5,0000-00-00 00:00:00,2015-10-08 10:36:17,,/img/tires/m788.png,Грузовые шины,1,38565r225-bridgestone-m788,Бескамерная,Универсальная
217,8,0,Series 85,,,,,,Maximo,Китай,0,115A8/112B,,280/85R24 (11.2R24) ,0000-00-00 00:00:00,2014-10-08 10:36:17,,/img/tires/maximo85.png,Сельхоз шины,1,,Бескамерная,Радиальная
218,8,0,Series 85,,,,,,Maximo,Китай,0,122A8/119B,,320/85R24 (12.4R24),0000-00-00 00:00:00,2014-10-08 10:36:17,,/img/tires/maximo85.png,Сельхоз шины,1,,Бескамерная,Радиальная
219,8,0,Series 85,,,,,,Maximo,Китай,0,125A8/122B,,340/85R24 (13.6R24),0000-00-00 00:00:00,2014-10-08 10:36:17,,/img/tires/maximo85.png,Сельхоз шины,1,,Бескамерная,Радиальная
220,8,0,Series 85,,,,,,Maximo,Китай,0,131A8/128B,,380/85R24 (14.9R24),0000-00-00 00:00:00,2014-10-08 10:36:17,,/img/tires/maximo85.png,Сельхоз шины,1,,Бескамерная,Радиальная
221,8,0,Series 85,,,,,,Maximo,Китай,0,137A8/134B,,420/85R24 (16.9R24),0000-00-00 00:00:00,2014-10-08 10:36:17,,/img/tires/maximo85.png,Сельхоз шины,1,,Бескамерная,Радиальная
222,8,0,Series 85,,,,,,Maximo,Китай,0,124A8/121B,,320/85R28 (12.4R28),0000-00-00 00:00:00,2014-10-08 10:36:17,,/img/tires/maximo85.png,Сельхоз шины,1,,Бескамерная,Радиальная
223,8,0,Series 85,,,,,,Maximo,Китай,0,127A8/124B,,340/85R28 (13.6R28),0000-00-00 00:00:00,2014-10-08 10:36:17,,/img/tires/maximo85.png,Сельхоз шины,1,,Бескамерная,Радиальная
224,8,0,Series 85,,,,,,Maximo,Китай,0,133A8/130B,,380/85R28 (14.9R28),0000-00-00 00:00:00,2014-10-08 10:36:17,,/img/tires/maximo85.png,Сельхоз шины,1,,Бескамерная,Радиальная
225,8,0,Series 85,,,,,,Maximo,Китай,0,139A8/136B,,420/85R28 (16.9R28),0000-00-00 00:00:00,2014-10-08 10:36:17,,/img/tires/maximo85.png,Сельхоз шины,1,,Бескамерная,Радиальная
226,8,0,Series 85,,,,,,Maximo,Китай,0,135A8/132B,,380/85R30 (14.9R30),0000-00-00 00:00:00,2014-10-08 10:36:17,,/img/tires/maximo85.png,Сельхоз шины,1,,Бескамерная,Радиальная
227,8,0,Series 85,,,,,,Maximo,Китай,0,140A8/137B,,420/85R30 (16.9R30),0000-00-00 00:00:00,2014-10-08 10:36:17,,/img/tires/maximo85.png,Сельхоз шины,1,,Бескамерная,Радиальная
228,8,0,Series 85,,,,,,Maximo,Китай,0,145A8/142B,,460/85R30 (18.4R30),0000-00-00 00:00:00,2014-10-08 10:36:17,,/img/tires/maximo85.png,Сельхоз шины,1,,Бескамерная,Радиальная
229,8,0,Series 85,,,,,,Maximo,Китай,0,142A8/139B,,420/85R34 (16.9R34),0000-00-00 00:00:00,2014-10-08 10:36:17,,/img/tires/maximo85.png,Сельхоз шины,1,,Бескамерная,Радиальная
230,8,0,Series 85,,,,,,Maximo,Китай,0,147A8/144B,,460/85R34 (18.4R34),0000-00-00 00:00:00,2014-10-08 10:36:17,,/img/tires/maximo85.png,Сельхоз шины,1,,Бескамерная,Радиальная
231,8,0,Series 85,,,,,,Maximo,Китай,0,144A8/141B,,420/85R38 (16.9R38),0000-00-00 00:00:00,2014-10-08 10:36:17,,/img/tires/maximo85.png,Сельхоз шины,1,,Бескамерная,Радиальная
232,8,0,Series 85,,,,,,Maximo,Китай,0,149A8/146B,,460/85R38 (18.4R38),0000-00-00 00:00:00,2014-10-08 10:36:17,,/img/tires/maximo85.png,Сельхоз шины,1,,Бескамерная,Радиальная
233,8,0,Series 85,,,,,,Maximo,Китай,0,155A8/152B,,520/85R38 (20.8R38),0000-00-00 00:00:00,2014-10-08 10:36:17,,/img/tires/maximo85.png,Сельхоз шины,1,,Бескамерная,Радиальная
234,8,0,Series 85,,,,,,Maximo,Китай,0,157A8/157B,,520/85R42 (20.8R42),0000-00-00 00:00:00,2014-10-08 10:36:17,,/img/tires/maximo85.png,Сельхоз шины,1,,Бескамерная,Радиальная
235,8,0,Series 70,,,,,,Maximo,Китай,0,122А8,,360/70R24,0000-00-00 00:00:00,2014-10-08 10:36:17,,/img/tires/maximo70.png,Сельхоз шины,1,,Бескамерная,Радиальная
236,8,0,Series 70,,,,,,Maximo,Китай,0,125А8,,380/70R24,0000-00-00 00:00:00,2014-10-08 10:36:17,,/img/tires/maximo70.png,Сельхоз шины,1,,Бескамерная,Радиальная
237,8,0,Series 70,,,,,,Maximo,Китай,0,130А8,,420/70R24,0000-00-00 00:00:00,2014-10-08 10:36:17,,/img/tires/maximo70.png,Сельхоз шины,1,,Бескамерная,Радиальная
238,8,0,Series 70,,,,,,Maximo,Китай,0,138А8,,480/70R24,0000-00-00 00:00:00,2014-10-08 10:36:17,,/img/tires/maximo70.png,Сельхоз шины,1,,Бескамерная,Радиальная
239,8,0,Series 70,,,,,,Maximo,Китай,0,127А8,,380/70R28,0000-00-00 00:00:00,2014-10-08 10:36:17,,/img/tires/maximo70.png,Сельхоз шины,1,,Бескамерная,Радиальная
240,8,0,Series 70,,,,,,Maximo,Китай,0,133А8,,420/70R28,0000-00-00 00:00:00,2014-10-08 10:36:17,,/img/tires/maximo70.png,Сельхоз шины,1,,Бескамерная,Радиальная
241,8,0,Series 70,,,,,,Maximo,Китай,0,140А8,,480/70R28,0000-00-00 00:00:00,2014-10-08 10:36:17,,/img/tires/maximo70.png,Сельхоз шины,1,,Бескамерная,Радиальная
242,8,0,Series 70,,,,,,Maximo,Китай,0,141А8,,480/70R30 (19.5LR30),0000-00-00 00:00:00,2014-10-08 10:36:17,,/img/tires/maximo70.png,Сельхоз шины,1,,Бескамерная,Радиальная
243,8,0,Series 70,,,,,,Maximo,Китай,0,143А8,,480/70R34,0000-00-00 00:00:00,2014-10-08 10:36:17,,/img/tires/maximo70.png,Сельхоз шины,1,,Бескамерная,Радиальная
244,8,0,Series 70,,,,,,Maximo,Китай,0,148А8,,520/70R34,0000-00-00 00:00:00,2014-10-08 10:36:17,,/img/tires/maximo70.png,Сельхоз шины,1,,Бескамерная,Радиальная
245,8,0,Series 70,,,,,,Maximo,Китай,0,145А8,,480/70R38 (19.5LR38),0000-00-00 00:00:00,2014-10-08 10:36:17,,/img/tires/maximo70.png,Сельхоз шины,1,,Бескамерная,Радиальная
246,8,0,Series 70,,,,,,Maximo,Китай,0,150А8,,520/70R38,0000-00-00 00:00:00,2014-10-08 10:36:17,,/img/tires/maximo70.png,Сельхоз шины,1,,Бескамерная,Радиальная
247,8,0,Series 70,,,,,,Maximo,Китай,0,155А8,,580/70R38,0000-00-00 00:00:00,2014-10-08 10:36:17,,/img/tires/maximo70.png,Сельхоз шины,1,,Бескамерная,Радиальная
248,8,0,TM 700,,,,,,Trelleborg,Италия,0,109A8/109B,,260/70R16,0000-00-00 00:00:00,2014-10-08 10:36:17,,/img/tires/tm700.png,Сельхоз шины,1,,Бескамерная,Радиальная
249,8,0,TM 700,,,,,,Trelleborg,Италия,0,112A8/112B,,280/70R16,0000-00-00 00:00:00,2014-10-08 10:36:17,,/img/tires/tm700.png,Сельхоз шины,1,,Бескамерная,Радиальная
250,8,0,TM 700,,,,,,Trelleborg,Италия,0,114A8/114B,,280/70R18,0000-00-00 00:00:00,2014-10-08 10:36:17,,/img/tires/tm700.png,Сельхоз шины,1,,Бескамерная,Радиальная
251,8,0,TM 190,,,,,,Trelleborg,Италия,0,6 слоёв,,7.5R20,0000-00-00 00:00:00,2014-10-08 10:36:17,,/img/tires/tm190.png,Сельхоз шины,1,,Камерная,Радиальная
252,8,0,TM 190,,,,,,Trelleborg,Италия,0,8 слоёв,,9.5R20,0000-00-00 00:00:00,2014-10-08 10:36:17,,/img/tires/tm190.png,Сельхоз шины,1,,Камерная,Радиальная
253,8,0,TM 700,,,,,,Trelleborg,Италия,0,110A8/110B,,300/70R20,0000-00-00 00:00:00,2014-10-08 10:36:17,,/img/tires/tm700.png,Сельхоз шины,1,,Бескамерная,Радиальная
254,8,0,TM 600,,,,,,Trelleborg,Италия,0,112A8/109B,,280/85R20 (11.2R20),0000-00-00 00:00:00,2014-10-08 10:36:17,,/img/tires/tm600.png,Сельхоз шины,1,,Бескамерная,Радиальная
255,8,0,TM 700,,,,,,Trelleborg,Италия,0,113A8/113B,,320/70R20,0000-00-00 00:00:00,2014-10-08 10:36:17,,/img/tires/tm700.png,Сельхоз шины,1,,Бескамерная,Радиальная
256,8,0,TM 600,,,,,,Trelleborg,Италия,0,119A8/116B,,320/85R20 (12.4R20),0000-00-00 00:00:00,2014-10-08 10:36:17,,/img/tires/tm600.png,Сельхоз шины,1,,Бескамерная,Радиальная
257,8,0,TM 700,,,,,,Trelleborg,Италия,0,120A8/120B,,360/70R20,0000-00-00 00:00:00,2014-10-08 10:36:17,,/img/tires/tm700.png,Сельхоз шины,1,,Бескамерная,Радиальная
258,8,0,TM 700,,,,,,Trelleborg,Италия,0,122A8/122B,,380/70R20,0000-00-00 00:00:00,2014-10-08 10:36:17,,/img/tires/tm700.png,Сельхоз шины,1,,Бескамерная,Радиальная
259,8,0,TM 190,,,,,,Trelleborg,Италия,0,8 слоёв,,8.3R24,0000-00-00 00:00:00,2014-10-08 10:36:17,,/img/tires/tm190.png,Сельхоз шины,1,,Камерная,Радиальная
260,8,0,TM 190,,,,,,Trelleborg,Италия,0,107A8,,9.5R24,0000-00-00 00:00:00,2014-10-08 10:36:17,,/img/tires/tm190.png,Сельхоз шины,1,,Камерная,Радиальная
261,8,0,TM 600,,,,,,Trelleborg,Италия,0,115A8/112B,,280/85R24 (11.2R24),0000-00-00 00:00:00,2014-10-08 10:36:17,,/img/tires/tm600.png,Сельхоз шины,1,,Бескамерная,Радиальная
262,8,0,TM 700,,,,,,Trelleborg,Италия,0,116A8/116B,,320/70R24,0000-00-00 00:00:00,2014-10-08 10:36:17,,/img/tires/tm700.png,Сельхоз шины,1,,Бескамерная,Радиальная
263,8,0,TM 600,,,,,,Trelleborg,Италия,0,122A8/119B,,320/85R24 (12.4R24),0000-00-00 00:00:00,2014-10-08 10:36:17,,/img/tires/tm600.png,Сельхоз шины,1,,Бескамерная,Радиальная
264,8,0,TM 700,,,,,,Trelleborg,Италия,0,122A8/122B,,360/70R24,0000-00-00 00:00:00,2014-10-08 10:36:17,,/img/tires/tm700.png,Сельхоз шины,1,,Бескамерная,Радиальная
265,8,0,TM 600,,,,,,Trelleborg,Италия,0,125A8/122B,,340/85R24,0000-00-00 00:00:00,2014-10-08 10:36:17,,/img/tires/tm600.png,Сельхоз шины,1,,Бескамерная,Радиальная
266,8,0,TM 700,,,,,,Trelleborg,Италия,0,125A8/125B,,380/70R24,0000-00-00 00:00:00,2014-10-08 10:36:17,,/img/tires/tm700.png,Сельхоз шины,1,,Бескамерная,Радиальная
267,8,0,TM 800,,,,,,Trelleborg,Италия,0,128D,,440/65R24,0000-00-00 00:00:00,2014-10-08 10:36:17,,/img/tires/tm800.png,Сельхоз шины,1,,Бескамерная,Радиальная
268,8,0,TM 600,,,,,,Trelleborg,Италия,0,131A8/128B,,380/85R24 (14.9R24),0000-00-00 00:00:00,2014-10-08 10:36:17,,/img/tires/tm600.png,Сельхоз шины,1,,Бескамерная,Радиальная
269,8,0,TM 700,,,,,,Trelleborg,Италия,0,130A8/130B,,420/70R24,0000-00-00 00:00:00,2014-10-08 10:36:17,,/img/tires/tm700.png,Сельхоз шины,1,,Бескамерная,Радиальная
270,8,0,TM 800,,,,,,Trelleborg,Италия,0,133D,,480/65R24,0000-00-00 00:00:00,2014-10-08 10:36:17,,/img/tires/tm800.png,Сельхоз шины,1,,Бескамерная,Радиальная
271,8,0,TM 600,,,,,,Trelleborg,Италия,0,137A8/134B,,420/85R24 (16.9R24),0000-00-00 00:00:00,2014-10-08 10:36:17,,/img/tires/tm600.png,Сельхоз шины,1,,Бескамерная,Радиальная
272,8,0,TM 700,,,,,,Trelleborg,Италия,0,138A8/138B,,480/70R24,0000-00-00 00:00:00,2014-10-08 10:36:17,,/img/tires/tm700.png,Сельхоз шины,1,,Бескамерная,Радиальная
273,8,0,TM 800,,,,,,Trelleborg,Италия,0,140D,,540/65R24,0000-00-00 00:00:00,2014-10-08 10:36:17,,/img/tires/tm800.png,Сельхоз шины,1,,Бескамерная,Радиальная
274,8,0,TM 800,,,,,,Trelleborg,Италия,0,146A8,,540/65R24,0000-00-00 00:00:00,2014-10-08 10:36:17,,/img/tires/tm800.png,Сельхоз шины,1,,Бескамерная,Радиальная
275,8,0,TM 700,,,,,,Trelleborg,Италия,0,139A8/139B,,480/70R26,0000-00-00 00:00:00,2014-10-08 10:36:17,,/img/tires/tm700.png,Сельхоз шины,1,,Бескамерная,Радиальная
276,8,0,TM 800,,,,,,Trelleborg,Италия,0,141D,,540/65R26,0000-00-00 00:00:00,2014-10-08 10:36:17,,/img/tires/tm800.png,Сельхоз шины,1,,Бескамерная,Радиальная
277,8,0,TM 600,,,,,,Trelleborg,Италия,0,118A8/115B,,280/85R28 (11.2R28),0000-00-00 00:00:00,2014-10-08 10:36:17,,/img/tires/tm600.png,Сельхоз шины,1,,Бескамерная,Радиальная
278,8,0,TM 700,,,,,,Trelleborg,Италия,0,119A8/116B,,320/70R28,0000-00-00 00:00:00,2014-10-08 10:36:17,,/img/tires/tm700.png,Сельхоз шины,1,,Бескамерная,Радиальная
279,8,0,TM 600,,,,,,Trelleborg,Италия,0,124A8/121B,,320/85R28 (12.4R28),0000-00-00 00:00:00,2014-10-08 10:36:17,,/img/tires/tm600.png,Сельхоз шины,1,,Бескамерная,Радиальная
280,8,0,TM 700,,,,,,Trelleborg,Италия,0,125A8/125B,,360/70R28,0000-00-00 00:00:00,2014-10-08 10:36:17,,/img/tires/tm700.png,Сельхоз шины,1,,Бескамерная,Радиальная
281,8,0,TM 600,,,,,,Trelleborg,Италия,0,127/A8/124B,,340/85R28 (13.6R28),0000-00-00 00:00:00,2014-10-08 10:36:17,,/img/tires/tm600.png,Сельхоз шины,1,,Бескамерная,Радиальная
282,8,0,TM 700,,,,,,Trelleborg,Италия,0,127A8/127B,,380/70R28,0000-00-00 00:00:00,2014-10-08 10:36:17,,/img/tires/tm700.png,Сельхоз шины,1,,Бескамерная,Радиальная
283,8,0,TM 800,,,,,,Trelleborg,Италия,0,131D,,440/65R28,0000-00-00 00:00:00,2014-10-08 10:36:17,,/img/tires/tm800.png,Сельхоз шины,1,,Бескамерная,Радиальная
284,8,0,TM 600,,,,,,Trelleborg,Италия,0,133/A8/130B,,380/85R28 (14.9R28),0000-00-00 00:00:00,2014-10-08 10:36:17,,/img/tires/tm600.png,Сельхоз шины,1,,Бескамерная,Радиальная
285,8,0,TM 700,,,,,,Trelleborg,Италия,0,133D,,420/70R28,0000-00-00 00:00:00,2014-10-08 10:36:17,,/img/tires/tm700.png,Сельхоз шины,1,,Бескамерная,Радиальная
286,8,0,TM 800,,,,,,Trelleborg,Италия,0,136D,,480/65R28,0000-00-00 00:00:00,2014-10-08 10:36:17,,/img/tires/tm800.png,Сельхоз шины,1,,Бескамерная,Радиальная
287,8,0,TM 600,,,,,,Trelleborg,Италия,0,139A8/136B,,420/85R28 (16.9R28),0000-00-00 00:00:00,2014-10-08 10:36:17,,/img/tires/tm600.png,Сельхоз шины,1,,Бескамерная,Радиальная
288,8,0,TM 700,,,,,,Trelleborg,Италия,0,140D,,480/70R28,0000-00-00 00:00:00,2014-10-08 10:36:17,,/img/tires/tm700.png,Сельхоз шины,1,,Бескамерная,Радиальная
289,8,0,TM 700 HS,,,,,,Trelleborg,Италия,0,145D/148A8,,480/70R28,0000-00-00 00:00:00,2014-10-08 10:36:17,,/img/tires/tm700hs.png,Сельхоз шины,1,,Бескамерная,Радиальная
290,8,0,TM 800,,,,,,Trelleborg,Италия,0,142D,,540/65R28,0000-00-00 00:00:00,2014-10-08 10:36:17,,/img/tires/tm800.png,Сельхоз шины,1,,Бескамерная,Радиальная
291,8,0,TM 800 HS,,,,,,Trelleborg,Италия,0,149D/146E,,540/65R28,0000-00-00 00:00:00,2014-10-08 10:36:17,,/img/tires/tm800hs.png,Сельхоз шины,1,,Бескамерная,Радиальная
292,8,0,TM 800,,,,,,Trelleborg,Италия,0,147D,,600/65R28,0000-00-00 00:00:00,2014-10-08 10:36:17,,/img/tires/tm800.png,Сельхоз шины,1,,Бескамерная,Радиальная
293,8,0,TM 800 HS,,,,,,Trelleborg,Италия,0,154D/151E,,600/65R28,0000-00-00 00:00:00,2014-10-08 10:36:17,,/img/tires/tm800hs.png,Сельхоз шины,1,,Бескамерная,Радиальная
294,8,0,TM 900 HP,,,,,,Trelleborg,Италия,0,157D,,600/70R28,0000-00-00 00:00:00,2014-10-08 10:36:17,,/img/tires/tm900hp.png,Сельхоз шины,1,,Бескамерная,Радиальная
295,8,0,TM 600,,,,,,Trelleborg,Италия,0,135A8/132B,,380/85R30 (14.9R30),0000-00-00 00:00:00,2014-10-08 10:36:17,,/img/tires/tm600.png,Сельхоз шины,1,,Бескамерная,Радиальная
296,8,0,TM 700,,,,,,Trelleborg,Италия,0,134A8/134B,,420/70R30,0000-00-00 00:00:00,2014-10-08 10:36:17,,/img/tires/tm700.png,Сельхоз шины,1,,Бескамерная,Радиальная
297,8,0,TM 600,,,,,,Trelleborg,Италия,0,140A8/137B,,420/85R30 (16.9R30),0000-00-00 00:00:00,2014-10-08 10:36:17,,/img/tires/tm600.png,Сельхоз шины,1,,Бескамерная,Радиальная
298,8,0,TM 700,,,,,,Trelleborg,Италия,0,141D,,480/70R30,0000-00-00 00:00:00,2014-10-08 10:36:17,,/img/tires/tm700.png,Сельхоз шины,1,,Бескамерная,Радиальная
299,8,0,TM 700 HS,,,,,,Trelleborg,Италия,0,147D/144E,,480/70R30,0000-00-00 00:00:00,2014-10-08 10:36:17,,/img/tires/tm700hs.png,Сельхоз шины,1,,Бескамерная,Радиальная
300,8,0,TM 800,,,,,,Trelleborg,Италия,0,143D,,540/65R30,0000-00-00 00:00:00,2014-10-08 10:36:17,,/img/tires/tm800.png,Сельхоз шины,1,,Бескамерная,Радиальная
301,8,0,TM 800 HS,,,,,,Trelleborg,Италия,0,150D/147E,,540/65R30,0000-00-00 00:00:00,2014-10-08 10:36:17,,/img/tires/tm800hs.png,Сельхоз шины,1,,Бескамерная,Радиальная
302,8,0,TM 900 HP,,,,,,Trelleborg,Италия,0,158D/155E,,600/70R30,0000-00-00 00:00:00,2014-10-08 10:36:17,,/img/tires/tm900hp.png,Сельхоз шины,1,,Бескамерная,Радиальная
303,8,0,TM 1000 HP,,,,,,Trelleborg,Италия,0,159D,,IF 600/70R30,0000-00-00 00:00:00,2014-10-08 10:36:17,,/img/tires/tm1000hp.png,Сельхоз шины,1,,Бескамерная,Радиальная
304,8,0,TM 900 HP,,,,,,Trelleborg,Италия,0,162D/159E,,710/60R30,0000-00-00 00:00:00,2014-10-08 10:36:17,,/img/tires/tm900hp.png,Сельхоз шины,1,,Бескамерная,Радиальная
305,8,0,TM 600,,,,,,Trelleborg,Италия,0,145A8/142B,,460/85R30 (18.4R30),0000-00-00 00:00:00,2014-10-08 10:36:17,,/img/tires/tm600.png,Сельхоз шины,1,,Бескамерная,Радиальная
306,8,0,TM 700,,,,,,Trelleborg,Италия,0,145A8/145B/,,520/70R30,0000-00-00 00:00:00,2014-10-08 10:36:17,,/img/tires/tm700.png,Сельхоз шины,1,,Бескамерная,Радиальная
307,8,0,TM 700 HS,,,,,,Trelleborg,Италия,0,151D/148E,,520/70R30,0000-00-00 00:00:00,2014-10-08 10:36:17,,/img/tires/tm700hs.png,Сельхоз шины,1,,Бескамерная,Радиальная
308,8,0,TM 600,,,,,,Trelleborg,Италия,0,137A8/137B,,380/85R34 (14.9R34),0000-00-00 00:00:00,2014-10-08 10:36:17,,/img/tires/tm600.png,Сельхоз шины,1,,Бескамерная,Радиальная
309,8,0,TM 600,,,,,,Trelleborg,Италия,0,142A8/139B,,420/85R34 (16.9R34),0000-00-00 00:00:00,2014-10-08 10:36:17,,/img/tires/tm600.png,Сельхоз шины,1,,Бескамерная,Радиальная
310,8,0,TM 700,,,,,,Trelleborg,Италия,0,143A8/143B,,480/70R34,0000-00-00 00:00:00,2014-10-08 10:36:17,,/img/tires/tm700.png,Сельхоз шины,1,,Бескамерная,Радиальная
311,8,0,TM 800,,,,,,Trelleborg,Италия,0,145D,,540/65R34,0000-00-00 00:00:00,2014-10-08 10:36:17,,/img/tires/tm800.png,Сельхоз шины,1,,Бескамерная,Радиальная
312,8,0,TM 800 HS,,,,,,Trelleborg,Италия,0,152D/149E,,540/65R34,0000-00-00 00:00:00,2014-10-08 10:36:17,,/img/tires/tm800hs.png,Сельхоз шины,1,,Бескамерная,Радиальная
313,8,0,TM 600,,,,,,Trelleborg,Италия,0,147A8/144B,,460/85R34 (18.4R34),0000-00-00 00:00:00,2014-10-08 10:36:17,,/img/tires/tm600.png,Сельхоз шины,1,,Бескамерная,Радиальная
314,8,0,TM 700,,,,,,Trelleborg,Италия,0,148A8/148B,,520/70R34,0000-00-00 00:00:00,2014-10-08 10:36:17,,/img/tires/tm700.png,Сельхоз шины,1,,Бескамерная,Радиальная
315,8,0,TM 800,,,,,,Trelleborg,Италия,0,151D,,600/65R34,0000-00-00 00:00:00,2014-10-08 10:36:17,,/img/tires/tm800.png,Сельхоз шины,1,,Бескамерная,Радиальная
316,8,0,TM 800 HS,,,,,,Trelleborg,Италия,0,157D/154E,,600/65R34,0000-00-00 00:00:00,2014-10-08 10:36:17,,/img/tires/tm800hs.png,Сельхоз шины,1,,Бескамерная,Радиальная
317,8,0,TM 900 HP,,,,,,Trelleborg,Италия,0,159D(156E),,650/60R34,0000-00-00 00:00:00,2014-10-08 10:36:17,,/img/tires/tm900hp.png,Сельхоз шины,1,,Бескамерная,Радиальная
318,8,0,TM 1000 HP,,,,,,Trelleborg,Италия,0,159D,,IF 650/60 R34,0000-00-00 00:00:00,2014-10-08 10:36:17,,/img/tires/tm1000hp.png,Сельхоз шины,1,,Бескамерная,Радиальная
319,8,0,TM 1000 HP,,,,,,Trelleborg,Италия,0,161/D,,IF 650/65 R34,0000-00-00 00:00:00,2014-10-08 10:36:17,,/img/tires/tm1000hp.png,Сельхоз шины,1,,Бескамерная,Радиальная
320,8,0,TM 900 HP,,,,,,Trelleborg,Италия,0,160D/157E,,600/70R34,0000-00-00 00:00:00,2014-10-08 10:36:17,,/img/tires/tm900hp.png,Сельхоз шины,1,,Бескамерная,Радиальная
321,8,0,TM 900 HP,,,,,,Trelleborg,Италия,0,164A8/161D,,710/60R34,0000-00-00 00:00:00,2014-10-08 10:36:17,,/img/tires/tm900hp.png,Сельхоз шины,1,,Бескамерная,Радиальная
322,8,0,TM 1000 HP,,,,,,Trelleborg,Италия,0,164D,,IF 710/60R34,0000-00-00 00:00:00,2014-10-08 10:36:17,,/img/tires/tm1000hp.png,Сельхоз шины,1,,Бескамерная,Радиальная
323,8,0,TM190,,,,,,Trelleborg,Италия,0,124A8,,12.4R36,0000-00-00 00:00:00,2014-10-08 10:36:17,,/img/tires/tm190.png,Сельхоз шины,1,,Камерная,Радиальная
324,8,0,TM 600,,,,,,Trelleborg,Италия,0,129A8//126B,,320/85R38 (13.6R38),0000-00-00 00:00:00,2014-10-08 10:36:17,,/img/tires/tm600.png,Сельхоз шины,1,,Бескамерная,Радиальная
325,8,0,TM 600,,,,,,Trelleborg,Италия,0,133A8/130B,,340/85R38 (12.4R38),0000-00-00 00:00:00,2014-10-08 10:36:17,,/img/tires/tm600.png,Сельхоз шины,1,,Бескамерная,Радиальная
326,8,0,TM 600,,,,,,Trelleborg,Италия,0,142A8/142B,,380/80R38TL ,0000-00-00 00:00:00,2014-10-08 10:36:17,,/img/tires/tm600.png,Сельхоз шины,1,,Бескамерная,Радиальная
327,8,0,Marshland,,,,,,Trelleborg,Италия,0,139A8/(139B),,380/85R38,0000-00-00 00:00:00,2014-10-08 10:36:17,,/img/tires/marshland.png,Сельхоз шины,1,,Бескамерная,Радиальная
328,8,0,Marshland,,,,,,Trelleborg,Италия,0,144A8/(144B),,420/85R38,0000-00-00 00:00:00,2014-10-08 10:36:17,,/img/tires/marshland.png,Сельхоз шины,1,,Бескамерная,Радиальная
329,8,0,TM 600,,,,,,Trelleborg,Италия,0,144A8/141B,,380/85R38,0000-00-00 00:00:00,2014-10-08 10:36:17,,/img/tires/tm600.png,Сельхоз шины,1,,Бескамерная,Радиальная
330,8,0,TM 600,,,,,,Trelleborg,Италия,0,144A8/141B,,420/85R38 (16.9R38),0000-00-00 00:00:00,2014-10-08 10:36:17,,/img/tires/tm600.png,Сельхоз шины,1,,Бескамерная,Радиальная
331,8,0,TM 700,,,,,,Trelleborg,Италия,0,145A8/145B,,480/70R38,0000-00-00 00:00:00,2014-10-08 10:36:17,,/img/tires/tm700.png,Сельхоз шины,1,,Бескамерная,Радиальная
332,8,0,TM 800,,,,,,Trelleborg,Италия,0,147D,,540/65R38,0000-00-00 00:00:00,2014-10-08 10:36:17,,/img/tires/tm800.png,Сельхоз шины,1,,Бескамерная,Радиальная
333,8,0,TM 800 HS,,,,,,Trelleborg,Италия,0,153D/150E,,540/65R38,0000-00-00 00:00:00,2014-10-08 10:36:17,,/img/tires/tm800hs.png,Сельхоз шины,1,,Бескамерная,Радиальная
334,8,0,Marshland,,,,,,Trelleborg,Италия,0,149A8/(144B),,460/85R38,0000-00-00 00:00:00,2014-10-08 10:36:17,,/img/tires/marshland.png,Сельхоз шины,1,,Бескамерная,Радиальная
335,8,0,TM 600,,,,,,Trelleborg,Италия,0,149A8/146B,,460/85R38 (18.4R38),0000-00-00 00:00:00,2014-10-08 10:36:17,,/img/tires/tm600.png,Сельхоз шины,1,,Бескамерная,Радиальная
336,8,0,TM 700,,,,,,Trelleborg,Италия,0,150D,,520/70R38,0000-00-00 00:00:00,2014-10-08 10:36:17,,/img/tires/tm700.png,Сельхоз шины,1,,Бескамерная,Радиальная
337,8,0,TM 800,,,,,,Trelleborg,Италия,0,153D,,600/65R38,0000-00-00 00:00:00,2014-10-08 10:36:17,,/img/tires/tm800.png,Сельхоз шины,1,,Бескамерная,Радиальная
338,8,0,TM 600,,,,,,Trelleborg,Италия,0,155A8/152B,,520/85R38 (20.8R38),0000-00-00 00:00:00,2014-10-08 10:36:17,,/img/tires/tm600.png,Сельхоз шины,1,,Бескамерная,Радиальная
339,8,0,TM 700,,,,,,Trelleborg,Италия,0,155D,,580/70R38,0000-00-00 00:00:00,2014-10-08 10:36:17,,/img/tires/tm700.png,Сельхоз шины,1,,Бескамерная,Радиальная
340,8,0,TM 800,,,,,,Trelleborg,Италия,0,157D,,650/65R38,0000-00-00 00:00:00,2014-10-08 10:36:17,,/img/tires/tm800.png,Сельхоз шины,1,,Бескамерная,Радиальная
341,8,0,TM 800 HS,,,,,,Trelleborg,Италия,0,163D/159E,,650/65R38,0000-00-00 00:00:00,2014-10-08 10:36:17,,/img/tires/tm800hs.png,Сельхоз шины,1,,Бескамерная,Радиальная
342,8,0,TM 800,,,,,,Trelleborg,Италия,0,166D,,710/70R38,0000-00-00 00:00:00,2014-10-08 10:36:17,,/img/tires/tm800.png,Сельхоз шины,1,,Бескамерная,Радиальная
343,8,0,TM 800,,,,,,Trelleborg,Италия,0,166D,,710/70R38TL 166D - Sugar Cane,0000-00-00 00:00:00,2014-10-08 10:36:17,,/img/tires/tm800.png,Сельхоз шины,1,,Бескамерная,Радиальная
344,8,0,TM 800 HS,,,,,,Trelleborg,Италия,0,171D//168E,,710/70R38,0000-00-00 00:00:00,2014-10-08 10:36:17,,/img/tires/tm800hs.png,Сельхоз шины,1,,Бескамерная,Радиальная
345,8,0,TM 900 HP,,,,,,Trelleborg,Италия,0,169D,,650/75R38,0000-00-00 00:00:00,2014-10-08 10:36:17,,/img/tires/tm900hp.png,Сельхоз шины,1,,Бескамерная,Радиальная
346,8,0,TM 900 HP,,,,,,Trelleborg,Италия,0,173D/170E,,650/85R38,0000-00-00 00:00:00,2014-10-08 10:36:17,,/img/tires/tm900hp.png,Сельхоз шины,1,,Бескамерная,Радиальная
347,8,0,TM 900 HP,,,,,,Trelleborg,Италия,0,178D/175E,,800/70R38,0000-00-00 00:00:00,2014-10-08 10:36:17,,/img/tires/tm900hp.png,Сельхоз шины,1,,Бескамерная ,Радиальная
348,8,0,TM 900 HP,,,,,,Trelleborg,Италия,0,178D/175E,,900/60R38,0000-00-00 00:00:00,2014-10-08 10:36:17,,/img/tires/tm900hp.png,Сельхоз шины,1,,Бескамерная,Радиальная
349,8,0,TM 1000 HP,,,,,,Trelleborg,Италия,0,163D,,IF 650/65R38 163D,0000-00-00 00:00:00,2014-10-08 10:36:17,,/img/tires/tm1000hp.png,Сельхоз шины,1,,Бескамерная,Радиальная
350,8,0,TM 1000 HP,,,,,,Trelleborg,Италия,0,172D,,IF 710/60R38 164D,0000-00-00 00:00:00,2014-10-08 10:36:17,,/img/tires/tm1000hp.png,Сельхоз шины,1,,Бескамерная,Радиальная
351,8,0,TM 600,,,,,,Trelleborg,Италия,0,151A8//151B,,480/80R42 (18.4R42),0000-00-00 00:00:00,2014-10-08 10:36:17,,/img/tires/tm600.png,Сельхоз шины,1,,Бескамерная,Радиальная
352,8,0,TM 800,,,,,,Trelleborg,Италия,0,154D,,600/65R42,0000-00-00 00:00:00,2014-10-08 10:36:17,,/img/tires/tm800.png,Сельхоз шины,1,,Бескамерная,Радиальная
353,8,0,TM 600,,,,,,Trelleborg,Италия,0,157A8/154B,,520/85R42 (20.8R42),0000-00-00 00:00:00,2014-10-08 10:36:17,,/img/tires/tm600.png,Сельхоз шины,1,,Бескамерная,Радиальная
354,8,0,TM 700,,,,,,Trelleborg,Италия,0,158D,,580/70R42,0000-00-00 00:00:00,2014-10-08 10:36:17,,/img/tires/tm700.png,Сельхоз шины,1,,Бескамерная,Радиальная
355,8,0,TM 700,,,,,,Trelleborg,Италия,0,166D,,620/70R42,0000-00-00 00:00:00,2014-10-08 10:36:17,,/img/tires/tm700.png,Сельхоз шины,1,,Бескамерная,Радиальная
356,8,0,TM 800,,,,,,Trelleborg,Италия,0,158D,,650/65R42,0000-00-00 00:00:00,2014-10-08 10:36:17,,/img/tires/tm800.png,Сельхоз шины,1,,Бескамерная,Радиальная
357,8,0,TM 900 HP,,,,,,Trelleborg,Италия,0,179A8/179B,,710/70R42,0000-00-00 00:00:00,2014-10-08 10:36:17,,/img/tires/tm900hp.png,Сельхоз шины,1,,Бескамерная,Радиальная
358,8,0,TM 900 HP,,,,,,Trelleborg,Италия,0,173D/170E,,710/70R42,0000-00-00 00:00:00,2014-10-08 10:36:17,,/img/tires/tm900hp.png,Сельхоз шины,1,,Бескамерная,Радиальная
359,8,0,TM 1000 HP,,,,,,Trelleborg,Италия,0,179D,,IF 710/70R42,0000-00-00 00:00:00,2014-10-08 10:36:17,,/img/tires/tm1000hp.png,Сельхоз шины,1,,Бескамерная,Радиальная
360,8,0,TM 900 HP,,,,,,Trelleborg,Италия,0,175D/172E,,710/75R42,0000-00-00 00:00:00,2014-10-08 10:36:17,,/img/tires/tm900hp.png,Сельхоз шины,1,,Бескамерная,Радиальная
361,8,0,TM 1000 HP,,,,,,Trelleborg,Италия,0,176D,,IF 710/75 R42,0000-00-00 00:00:00,2014-10-08 10:36:17,,/img/tires/tm1000hp.png,Сельхоз шины,1,,Бескамерная,Радиальная
362,8,0,TM 900 HP,,,,,,Trelleborg,Италия,0,180A8/177D,,900/60R42,0000-00-00 00:00:00,2014-10-08 10:36:17,,/img/tires/tm900hp.png,Сельхоз шины,1,,Бескамерная,Радиальная
363,8,0,TM 1000 HP,,,,,,Trelleborg,Италия,0,180D,,IF 900/60R42,0000-00-00 00:00:00,2014-10-08 10:36:17,,/img/tires/tm1000hp.png,Сельхоз шины,1,,Бескамерная,Радиальная
364,8,0,TM 600,,,,,,Trelleborg,Италия,0,158A8//158B,,480/80R46 (18.4R46),0000-00-00 00:00:00,2014-10-08 10:36:17,,/img/tires/tm600.png,Сельхоз шины,1,,Бескамерная,Радиальная
365,8,0,TM 600,,,,,,Trelleborg,Италия,0,158A8/158B,,520/85R46 (20.8R46),0000-00-00 00:00:00,2014-10-08 10:36:17,,/img/tires/tm600.png,Сельхоз шины,1,,Бескамерная,Радиальная
366,8,0,TM 1000 HP,,,,,,Trelleborg,Италия,0,180D,,IF 750/75R46,0000-00-00 00:00:00,2014-10-08 10:36:17,,/img/tires/tm1000hp.png,Сельхоз шины,1,,Бескамерная,Радиальная
367,8,0,TM 1000 HP,,,,,,Trelleborg,Италия,0,190D,,IF 900/65R46,0000-00-00 00:00:00,2014-10-08 10:36:17,,/img/tires/tm1000hp.png,Сельхоз шины,1,,Бескамерная,Радиальная
368,8,0,TM 600,,,,,,Trelleborg,Италия,0,159D,,480/80R50 (18.4R50),0000-00-00 00:00:00,2014-10-08 10:36:17,,/img/tires/tm600.png,Сельхоз шины,1,,Бескамерная,Радиальная
369,8,0,ТМ 100,,,,,,Trelleborg,Италия,0,128A8/128B,,230/95R32,0000-00-00 00:00:00,2014-10-08 10:36:17,,/img/tires/tm100.png,Сельхоз шины,1,,Бескамерная,Радиальная
370,8,0,ТМ 100,,,,,,Trelleborg,Италия,0,136A8/136B,,270/95R32,0000-00-00 00:00:00,2014-10-08 10:36:17,,/img/tires/tm100.png,Сельхоз шины,1,,Бескамерная,Радиальная
371,8,0,ТМ 100,,,,,,Trelleborg,Италия,0,130A8/130B,,230/95R36,0000-00-00 00:00:00,2014-10-08 10:36:17,,/img/tires/tm100.png,Сельхоз шины,1,,Бескамерная,Радиальная
372,8,0,ТМ 100,,,,,,Trelleborg,Италия,0,140A8/140B,,270/95R38,0000-00-00 00:00:00,2014-10-08 10:36:17,,/img/tires/tm100.png,Сельхоз шины,1,,Бескамерная,Радиальная
373,8,0,ТМ 100,,,,,,Trelleborg,Италия,0,120A8/120B,,210/95R44,0000-00-00 00:00:00,2014-10-08 10:36:17,,/img/tires/tm100.png,Сельхоз шины,1,,Бескамерная,Радиальная
374,8,0,ТМ 100,,,,,,Trelleborg,Италия,0,134A8/134B,,230/95R44,0000-00-00 00:00:00,2014-10-08 10:36:17,,/img/tires/tm100.png,Сельхоз шины,1,,Бескамерная,Радиальная
375,8,0,ТМ 100,,,,,,Trelleborg,Италия,0,142A8/142B,,270/95R44,0000-00-00 00:00:00,2014-10-08 10:36:17,,/img/tires/tm100.png,Сельхоз шины,1,,Бескамерная,Радиальная
376,8,0,ТМ 100,,,,,,Trelleborg,Италия,0,148A8/148B,,300/95R46,0000-00-00 00:00:00,2014-10-08 10:36:17,,/img/tires/tm100.png,Сельхоз шины,1,,Бескамерная,Радиальная
377,8,0,ТМ 100,,,,,,Trelleborg,Италия,0,136A8/136B,,230/95R48,0000-00-00 00:00:00,2014-10-08 10:36:17,,/img/tires/tm100.png,Сельхоз шины,1,,Бескамерная,Радиальная
378,8,0,ТМ 100,,,,,,Trelleborg,Италия,0,144A8/144B,,270/95R48,0000-00-00 00:00:00,2014-10-08 10:36:17,,/img/tires/tm100.png,Сельхоз шины,1,,Бескамерная,Радиальная
379,8,0,ТМ 100,,,,,,Trelleborg,Италия,0,151A8/151B,,380/90R50,0000-00-00 00:00:00,2014-10-08 10:36:17,,/img/tires/tm100.png,Сельхоз шины,1,,Бескамерная,Радиальная
380,8,0,ТМ 100,,,,,,Trelleborg,Италия,0,151A8,,300/95R52 ,0000-00-00 00:00:00,2014-10-08 10:36:17,,/img/tires/tm100.png,Сельхоз шины,1,,Бескамерная,Радиальная
381,8,0,ТМ 100,,,,,,Trelleborg,Италия,0,152A8/152B,,380/90R54,0000-00-00 00:00:00,2014-10-08 10:36:17,,/img/tires/tm100.png,Сельхоз шины,1,,Бескамерная,Радиальная
382,8,0,TM 2000,,,,,,Trelleborg,Италия,,166A8,,620/75R26,0000-00-00 00:00:00,2014-10-08 10:36:17,,/img/tires/tm2000.png,Сельхоз шины,1,,Бескамерная,Радиальная
383,8,0,TM 2000,,,,,,Trelleborg,Италия,,172A8,,650/75R32,0000-00-00 00:00:00,2014-10-08 10:36:17,,/img/tires/tm2000.png,Сельхоз шины,1,,Бескамерная,Радиальная
384,8,0,TM 2000,,,,,,Trelleborg,Италия,,177A8,,710/75R32,0000-00-00 00:00:00,2014-10-08 10:36:17,,/img/tires/tm2000.png,Сельхоз шины,1,,Бескамерная,Радиальная
385,8,0,TM 2000,,,,,,Trelleborg,Италия,,178A8,,800/65R32,0000-00-00 00:00:00,2014-10-08 10:36:17,,/img/tires/tm2000.png,Сельхоз шины,1,,Бескамерная,Радиальная
386,8,0,TM 2000,,,,,,Trelleborg,Италия,,181A8,,900/60R32,0000-00-00 00:00:00,2014-10-08 10:36:17,,/img/tires/tm2000.png,Сельхоз шины,1,,Бескамерная,Радиальная
387,8,0,TM 3000,,,,,,Trelleborg,Италия,,178A8,,IF 800/65R32 CFO,0000-00-00 00:00:00,2014-10-08 10:36:17,,/img/tires/tm3000.png,Сельхоз шины,1,,Бескамерная,Радиальная
388,8,0,TM 3000,,,,,,Trelleborg,Италия,,182A8,,IF 800/70R32 ,0000-00-00 00:00:00,2014-10-08 10:36:17,,/img/tires/tm3000.png,Сельхоз шины,1,,Бескамерная,Радиальная
389,8,0,TM 3000,,,,,,Trelleborg,Италия,,184A8,,IF 800/70R38 CFO 184A8,0000-00-00 00:00:00,2014-10-08 10:36:17,,/img/tires/tm3000.png,Сельхоз шины,1,,Бескамерная,Радиальная
390,8,0,Twin Radial ,,,,,,Trelleborg,Италия,,155D,,500/60R22.5,0000-00-00 00:00:00,2014-10-08 10:36:17,,/img/tires/twinradial.png,Сельхоз шины,1,,Бескамерная,Радиальная
391,8,0,Twin Radial ,,,,,,Trelleborg,Италия,,161D,,560/60R22.5,0000-00-00 00:00:00,2014-10-08 10:36:17,,/img/tires/twinradial.png,Сельхоз шины,1,,Бескамерная,Радиальная
392,8,0,Twin Radial ,,,,,,Trelleborg,Италия,,159D,,580/65R22.5,0000-00-00 00:00:00,2014-10-08 10:36:17,,/img/tires/twinradial.png,Сельхоз шины,1,,Бескамерная,Радиальная
393,8,0,Twin Radial ,,,,,,Trelleborg,Италия,,159D,,600/50R22.5,0000-00-00 00:00:00,2014-10-08 10:36:17,,/img/tires/twinradial.png,Сельхоз шины,1,,Бескамерная,Радиальная
394,8,0,Twin Radial ,,,,,,Trelleborg,Италия,,165D,,600/55R26.5,0000-00-00 00:00:00,2014-10-08 10:36:17,,/img/tires/twinradial.png,Сельхоз шины,1,,Бескамерная,Радиальная
395,8,0,Twin Radial ,,,,,,Trelleborg,Италия,,165D,,680/55R26.5,0000-00-00 00:00:00,2014-10-08 10:36:17,,/img/tires/twinradial.png,Сельхоз шины,1,,Бескамерная,Радиальная
396,8,0,Twin Radial ,,,,,,Trelleborg,Италия,,170D,,710/50R26.5,0000-00-00 00:00:00,2014-10-08 10:36:17,,/img/tires/twinradial.png,Сельхоз шины,1,,Бескамерная,Радиальная
397,8,0,Twin Radial ,,,,,,Trelleborg,Италия,,176D,,650/65R30.5,0000-00-00 00:00:00,2014-10-08 10:36:17,,/img/tires/twinradial.png,Сельхоз шины,1,,Бескамерная,Радиальная
398,8,0,Twin Radial ,,,,,,Trelleborg,Италия,,181D,,750/60R30.5,0000-00-00 00:00:00,2014-10-08 10:36:17,,/img/tires/twinradial.png,Сельхоз шины,1,,Бескамерная,Радиальная
399,8,0,Twin Radial ,,,,,,Trelleborg,Италия,,182D,,850/50R30.5,0000-00-00 00:00:00,2014-10-08 10:36:17,,/img/tires/twinradial.png,Сельхоз шины,1,,Бескамерная,Радиальная
400,8,0,T414,,,,,,Trelleborg,Италия,,125A8,,400/55-17.5,0000-00-00 00:00:00,2014-10-08 10:36:17,,/img/tires/t414.png,Сельхоз шины,1,,Бескамерная,Диагональная
401,8,0,T414,,,,,,Trelleborg,Италия,,141A8,,500/60-26.5,0000-00-00 00:00:00,2014-10-08 10:36:17,,/img/tires/t414.png,Сельхоз шины,1,,Бескамерная,Диагональная
402,8,0,T414,,,,,,Trelleborg,Италия,,148A8,,600/55-26.5,0000-00-00 00:00:00,2014-10-08 10:36:17,,/img/tires/t414.png,Сельхоз шины,1,,Бескамерная,Диагональная
403,8,0,T414,,,,,,Trelleborg,Италия,,150A8,,600/55-30.5,0000-00-00 00:00:00,2014-10-08 10:36:17,,/img/tires/t414.png,Сельхоз шины,1,,Бескамерная,Диагональная
404,8,0,T414,,,,,,Trelleborg,Италия,,153A8,,600/60-30.5,0000-00-00 00:00:00,2014-10-08 10:36:17,,/img/tires/t414.png,Сельхоз шины,1,,Бескамерная,Диагональная
405,8,0,T414,,,,,,Trelleborg,Италия,,143A8,,750/45-30.5,0000-00-00 00:00:00,2014-10-08 10:36:17,,/img/tires/t414.png,Сельхоз шины,1,,Бескамерная,Диагональная
406,8,0,T414,,,,,,Trelleborg,Италия,,159A8,,750/50-30.5,0000-00-00 00:00:00,2014-10-08 10:36:17,,/img/tires/t414.png,Сельхоз шины,1,,Бескамерная,Диагональная
407,8,0,T414,,,,,,Trelleborg,Италия,,172A8,,800/55-30.5,0000-00-00 00:00:00,2014-10-08 10:36:17,,/img/tires/t414.png,Сельхоз шины,1,,Бескамерная,Диагональная
408,8,0,T414,,,,,,Trelleborg,Италия,,176A8,,900/60-32,0000-00-00 00:00:00,2014-10-08 10:36:17,,/img/tires/t414.png,Сельхоз шины,1,,Бескамерная,Диагональная
409,8,0,T414,,,,,,Trelleborg,Италия,,155A8,,710/55-34,0000-00-00 00:00:00,2014-10-08 10:36:17,,/img/tires/t414.png,Сельхоз шины,1,,Бескамерная,Диагональная
410,8,0,T414,,,,,,Trelleborg,Италия,,161A8,,650/60-38,0000-00-00 00:00:00,2014-10-08 10:36:17,,/img/tires/t414.png,Сельхоз шины,1,,Бескамерная,Диагональная
411,8,0,T414,,,,,,Trelleborg,Италия,,161A8,,710/65-38,0000-00-00 00:00:00,2014-10-08 10:36:17,,/img/tires/t414.png,Сельхоз шины,1,,Бескамерная,Диагональная
412,8,0,T414,,,,,,Trelleborg,Италия,,163A8,,850/50-38,0000-00-00 00:00:00,2014-10-08 10:36:17,,/img/tires/t414.png,Сельхоз шины,1,,Бескамерная,Диагональная
413,8,0,T414,,,,,,Trelleborg,Италия,,175A8,,850/60-38,0000-00-00 00:00:00,2014-10-08 10:36:17,,/img/tires/t414.png,Сельхоз шины,1,,Бескамерная,Диагональная
414,8,0,T414,,,,,,Trelleborg,Италия,,161A8,,850/55-42,0000-00-00 00:00:00,2014-10-08 10:36:17,,/img/tires/t414.png,Сельхоз шины,1,,Бескамерная,Диагональная
415,8,0,T421,,,,,,Trelleborg,Италия,,115A8,,280/60-15.5,0000-00-00 00:00:00,2014-10-08 10:36:17,,/img/tires/t421.png,Сельхоз шины,1,,Бескамерная,Диагональная
416,8,0,T478,,,,,,Trelleborg,Италия,,128A8,,280/60-15.5,0000-00-00 00:00:00,2014-10-08 10:36:17,,/img/tires/t478.png,Сельхоз шины,1,,TT,Диагональная
417,8,0,T404,,,,,,Trelleborg,Италия,,145A8,,400/60-15.5,0000-00-00 00:00:00,2014-10-08 10:36:17,,/img/tires/t404.png,Сельхоз шины,1,,Бескамерная,Диагональная
418,8,0,T478,,,,,,Trelleborg,Италия,,145A8,,400/60-15.5,0000-00-00 00:00:00,2014-10-08 10:36:17,,/img/tires/t478.png,Сельхоз шины,1,,Бескамерная,Диагональная
419,8,0,T421,,,,,,Trelleborg,Италия,,133A8,,420/55-17,0000-00-00 00:00:00,2014-10-08 10:36:17,,/img/tires/t421.png,Сельхоз шины,1,,Бескамерная,Диагональная
420,8,0,T404,,,,,,Trelleborg,Италия,,131A8,,400/55-17.5,0000-00-00 00:00:00,2014-10-08 10:36:17,,/img/tires/t404.png,Сельхоз шины,1,,TT,Диагональная
421,8,0,T404,,,,,,Trelleborg,Италия,,147A8,,400/55-22.5,0000-00-00 00:00:00,2014-10-08 10:36:17,,/img/tires/t404.png,Сельхоз шины,1,,TT,Диагональная
422,8,0,T404,,,,,,Trelleborg,Италия,,146A8,,500/45-22.5,0000-00-00 00:00:00,2014-10-08 10:36:17,,/img/tires/t404.png,Сельхоз шины,1,,Бескамерная,Диагональная
423,8,0,T404,,,,,,Trelleborg,Италия,,154A8,,560/45-22.5,0000-00-00 00:00:00,2014-10-08 10:36:17,,/img/tires/t404.png,Сельхоз шины,1,,Бескамерная,Диагональная
424,8,0,T404,,,,,,Trelleborg,Италия,,155A8,,500/60-22.5,0000-00-00 00:00:00,2014-10-08 10:36:17,,/img/tires/t404.png,Сельхоз шины,1,,Бескамерная,Диагональная
425,8,0,T421,,,,,,Trelleborg,Италия,,155A8,,500/60-22.5,0000-00-00 00:00:00,2014-10-08 10:36:17,,/img/tires/t421.png,Сельхоз шины,1,,Бескамерная,Диагональная
426,8,0,T404,,,,,,Trelleborg,Италия,,158A8,,560/60-22.5,0000-00-00 00:00:00,2014-10-08 10:36:17,,/img/tires/t404.png,Сельхоз шины,1,,Бескамерная,Диагональная
427,8,0,T404,,,,,,Trelleborg,Италия,,167A8,,560/60-22.5,0000-00-00 00:00:00,2014-10-08 10:36:17,,/img/tires/t404.png,Сельхоз шины,1,,Бескамерная,Диагональная
428,8,0,T404,,,,,,Trelleborg,Италия,,156A8,,600/50-22.5,0000-00-00 00:00:00,2014-10-08 10:36:17,,/img/tires/t404.png,Сельхоз шины,1,,Бескамерная,Диагональная
429,8,0,T423,,,,,,Trelleborg,Италия,,156A8,,600/50-22.5,0000-00-00 00:00:00,2014-10-08 10:36:17,,/img/tires/t423.png,Сельхоз шины,1,,Бескамерная,Диагональная
430,8,0,T404,,,,,,Trelleborg,Италия,,158A8,,710/40-22.5,0000-00-00 00:00:00,2014-10-08 10:36:17,,/img/tires/t404.png,Сельхоз шины,1,,Бескамерная,Диагональная
431,8,0,T404,,,,,,Trelleborg,Италия,,147A8,,400/60-26.5,0000-00-00 00:00:00,2014-10-08 10:36:17,,/img/tires/t404.png,Сельхоз шины,1,,TT,Диагональная
432,8,0,T421,,,,,,Trelleborg,Италия,,159A8,,500/60-26.5,0000-00-00 00:00:00,2014-10-08 10:36:17,,/img/tires/t421.png,Сельхоз шины,1,,Бескамерная,Диагональная
433,8,0,T404,,,,,,Trelleborg,Италия,,166A8,,600/55-26.5,0000-00-00 00:00:00,2014-10-08 10:36:17,,/img/tires/t404.png,Сельхоз шины,1,,Бескамерная,Диагональная
434,8,0,T421,,,,,,Trelleborg,Италия,,166A8,,600/55-26.5,0000-00-00 00:00:00,2014-10-08 10:36:17,,/img/tires/t421.png,Сельхоз шины,1,,Бескамерная,Диагональная
435,8,0,T404,,,,,,Trelleborg,Италия,,169A8,,710/45-26.5,0000-00-00 00:00:00,2014-10-08 10:36:17,,/img/tires/t404.png,Сельхоз шины,1,,Бескамерная,Диагональная
436,8,0,T423,,,,,,Trelleborg,Италия,,169A8,,710/45-26.5,0000-00-00 00:00:00,2014-10-08 10:36:17,,/img/tires/t423.png,Сельхоз шины,1,,Бескамерная,Диагональная
437,8,0,T404,,,,,,Trelleborg,Италия,,172A8,,800/40-26.5,0000-00-00 00:00:00,2014-10-08 10:36:17,,/img/tires/t404.png,Сельхоз шины,1,,Бескамерная,Диагональная
438,8,0,T423,,,,,,Trelleborg,Италия,,172A8,,800/40-26.5,0000-00-00 00:00:00,2014-10-08 10:36:17,,/img/tires/t423.png,Сельхоз шины,1,,Бескамерная,Диагональная
439,8,0,T421,,,,,,Trelleborg,Италия,,171A8,,600/60-30.5,0000-00-00 00:00:00,2014-10-08 10:36:17,,/img/tires/t421.png,Сельхоз шины,1,,Бескамерная,Диагональная
440,8,0,T404,,,,,,Trelleborg,Италия,,173A8,,650/65-30.5,0000-00-00 00:00:00,2014-10-08 10:36:17,,/img/tires/t404.png,Сельхоз шины,1,,Бескамерная,Диагональная
441,8,0,T404,,,,,,Trelleborg,Италия,,175A8,,710/50-30.5,0000-00-00 00:00:00,2014-10-08 10:36:17,,/img/tires/t404.png,Сельхоз шины,1,,Бескамерная,Диагональная
442,8,0,T423,,,,,,Trelleborg,Италия,,175A8,,710/50-30.5,0000-00-00 00:00:00,2014-10-08 10:36:17,,/img/tires/t423.png,Сельхоз шины,1,,Бескамерная,Диагональная
443,8,0,T404,,,,,,Trelleborg,Италия,,178A8,,750/60-30.5,0000-00-00 00:00:00,2014-10-08 10:36:17,,/img/tires/t404.png,Сельхоз шины,1,,Бескамерная,Диагональная
444,8,0,T421,,,,,,Trelleborg,Италия,,178A8,,750/60-30.5,0000-00-00 00:00:00,2014-10-08 10:36:17,,/img/tires/t421.png,Сельхоз шины,1,,Бескамерная,Диагональная
445,8,0,T404,,,,,,Trelleborg,Италия,,178A8,,800/45-30.5,0000-00-00 00:00:00,2014-10-08 10:36:17,,/img/tires/t404.png,Сельхоз шины,1,,Бескамерная,Диагональная
446,8,0,T423,,,,,,Trelleborg,Италия,,178A8,,800/45-30.5,0000-00-00 00:00:00,2014-10-08 10:36:17,,/img/tires/t423.png,Сельхоз шины,1,,Бескамерная,Диагональная
447,8,0,T404,,,,,,Trelleborg,Италия,,179A8,,850/50-30.5,0000-00-00 00:00:00,2014-10-08 10:36:17,,/img/tires/t404.png,Сельхоз шины,1,,Бескамерная,Диагональная
448,8,0,T423,,,,,,Trelleborg,Италия,,160D,,"620/50B22,5",0000-00-00 00:00:00,2014-10-08 10:36:17,,/img/tires/t423.png,Сельхоз шины,1,,Бескамерная,Диагональная
449,8,0,T422,,,,,,Trelleborg,Италия,,160D,,"650/45B22,5",0000-00-00 00:00:00,2014-10-08 10:36:17,,/img/tires/t422.png,Сельхоз шины,1,,Бескамерная,Диагональная
450,8,0,T423,,,,,,Trelleborg,Италия,,161D,,"710/40B22,5",0000-00-00 00:00:00,2014-10-08 10:36:17,,/img/tires/t423.png,Сельхоз шины,1,,Бескамерная,Диагональная
451,8,0,T421,,,,,,Trelleborg,Италия,,166D,,"620/55B26,5",0000-00-00 00:00:00,2014-10-08 10:36:17,,/img/tires/t421.png,Сельхоз шины,1,,Бескамерная,Диагональная
452,8,0,T428,,,,,,Trelleborg,Италия,,172D,,"650/60-26,5",0000-00-00 00:00:00,2014-10-08 10:36:17,,/img/tires/t428.png,Сельхоз шины,1,,Бескамерная,Диагональная
453,8,0,T428,,,,,,Trelleborg,Италия,,168D,,"650/55B30,5",0000-00-00 00:00:00,2014-10-08 10:36:17,,/img/tires/t428.png,Сельхоз шины,1,,Бескамерная,Диагональная
454,8,0,T428,,,,,,Trelleborg,Италия,,173D,,"750/50B30,5",0000-00-00 00:00:00,2014-10-08 10:36:17,,/img/tires/t428.png,Сельхоз шины,1,,Бескамерная,Диагональная
455,8,0,T423,,,,,,Trelleborg,Италия,,176D,,"850/45B30,5",0000-00-00 00:00:00,2014-10-08 10:36:17,,/img/tires/t423.png,Сельхоз шины,1,,Бескамерная,Диагональная
456,8,0,T428 EXC,,,,,,Trelleborg,Италия,,161A8,,600/50-22.5,0000-00-00 00:00:00,2014-10-08 10:36:17,,/img/tires/t428exc.png,Индустриальные шины,1,,Бескамерная,Диагональная
457,8,0,T422 EXC,,,,,,Trelleborg,Италия,,162A8,,650/45-22.5,0000-00-00 00:00:00,2014-10-08 10:36:17,,/img/tires/t422exc.png,Индустриальные шины,1,,Бескамерная,Диагональная
458,8,0,T428 EXC,,,,,,Trelleborg,Италия,,163A8,,710/40-22.5,0000-00-00 00:00:00,2014-10-08 10:36:17,,/img/tires/t428exc.png,Индустриальные шины,1,,Бескамерная,Диагональная
459,8,0,T459HD,,,,,,Trelleborg,Италия,,154A8,,420/70B24,0000-00-00 00:00:00,2014-10-08 10:36:17,,/img/tires/t459hd.png,Индустриальные шины,1,,Бескамерная,Диагональная
460,8,0,T459HD,,,,,,Trelleborg,Италия,,157A8,,480/70B28,0000-00-00 00:00:00,2014-10-08 10:36:17,,/img/tires/t459hd.png,Индустриальные шины,1,,Бескамерная,Диагональная
461,8,0,T459HD,,,,,,Trelleborg,Италия,,162A8,,520/70B30,0000-00-00 00:00:00,2014-10-08 10:36:17,,/img/tires/t459hd.png,Индустриальные шины,1,,Бескамерная,Диагональная
462,8,0,T459HD,,,,,,Trelleborg,Италия,,171A8,,520/70B34,0000-00-00 00:00:00,2014-10-08 10:36:17,,/img/tires/t459hd.png,Индустриальные шины,1,,Бескамерная,Диагональная
463,8,0,T459HD,,,,,,Trelleborg,Италия,,175A8,,620/60B34,0000-00-00 00:00:00,2014-10-08 10:36:17,,/img/tires/t459hd.png,Индустриальные шины,1,,Бескамерная,Диагональная
464,8,0,T409,,,,,,Trelleborg,Италия,,158A8,,23.1-26,0000-00-00 00:00:00,2014-10-08 10:36:17,,/img/tires/t409.png,Индустриальные шины,1,,Бескамерная,Диагональная
465,8,0,T307,,,,,,Trelleborg,Италия,,97A8,,"200/95-12 (7,00-12)",0000-00-00 00:00:00,2014-10-08 10:36:17,,/img/tires/t307.png,Сельхоз шины,1,,Бескамерная,Диагональная
466,8,0,AF 302,,,,,,Trelleborg,Италия,,101A8,,"200/95-12 (7,00-12)",0000-00-00 00:00:00,2014-10-08 10:36:17,,/img/tires/aw302.png,Сельхоз шины,1,,Бескамерная,Диагональная
467,8,0,AW 305,,,,,,Trelleborg,Италия,,8 PR,,10.0/80-12,0000-00-00 00:00:00,2014-10-08 10:36:17,,/img/tires/aw305.png,Сельхоз шины,1,,Бескамерная,Диагональная
468,8,0,AW 305,,,,,,Trelleborg,Италия,,10 PR,,10.0/80-12,0000-00-00 00:00:00,2014-10-08 10:36:17,,/img/tires/aw305.png,Сельхоз шины,1,,Бескамерная,Диагональная
469,8,0,AF 302,,,,,,Trelleborg,Италия,,121A8,,"260/90-13 (9,00-13)",0000-00-00 00:00:00,2014-10-08 10:36:17,,/img/tires/af302.png,Сельхоз шины,1,,Бескамерная,Диагональная
470,8,0,AW 305,,,,,,Trelleborg,Италия,,116A8,,"260/70-15.3 (10,0/75-15,3)",0000-00-00 00:00:00,2014-10-08 10:36:17,,/img/tires/aw305.png,Сельхоз шины,1,,Бескамерная,Диагональная
471,8,0,AW 305,,,,,,Trelleborg,Италия,,126A8,,"260/70-15.3 (10,0/75-15,3)",0000-00-00 00:00:00,2014-10-08 10:36:17,,/img/tires/aw305.png,Сельхоз шины,1,,Бескамерная,Диагональная
472,8,0,AW 305,,,,,,Trelleborg,Италия,,131A8,,"260/70-15.3 (10,0/75-15,3)",0000-00-00 00:00:00,2014-10-08 10:36:17,,/img/tires/aw305.png,Сельхоз шины,1,,Бескамерная,Диагональная
473,8,0,AW 305,,,,,,Trelleborg,Италия,,132A8,,"300/80-15.3 (11,5/80-15,3)",0000-00-00 00:00:00,2014-10-08 10:36:17,,/img/tires/aw305.png,Сельхоз шины,1,,Бескамерная,Диагональная
474,8,0,AW 305,,,,,,Trelleborg,Италия,,141A8,,"300/80-15.3 (11,5/80-15,3)",0000-00-00 00:00:00,2014-10-08 10:36:17,,/img/tires/aw305.png,Сельхоз шины,1,,Бескамерная,Диагональная
475,8,0,T452,,,,,,Trelleborg,Италия,,132A8,,"300/80-15,3 (11,5/80-15,3)",0000-00-00 00:00:00,2014-10-08 10:36:17,,/img/tires/t452.png,Сельхоз шины,1,,Бескамерная,Диагональная
476,8,0,AW 305,,,,,,Trelleborg,Италия,,145A8,,"320/80-15.3 (12,5/80-15,3)",0000-00-00 00:00:00,2014-10-08 10:36:17,,/img/tires/aw305.png,Сельхоз шины,1,,Бескамерная,Диагональная
477,8,0,AF 302,,,,,,Trelleborg,Италия,,100A8,,"180/90-16 (6,00-16)",0000-00-00 00:00:00,2014-10-08 10:36:17,,/img/tires/af302.png,Сельхоз шины,1,,Бескамерная,Диагональная
478,8,0,AF 302,,,,,,Trelleborg,Италия,,108A8,,"190/90-16 (6,50-16)",0000-00-00 00:00:00,2014-10-08 10:36:17,,/img/tires/af302.png,Сельхоз шины,1,,Бескамерная,Диагональная
479,8,0,AF 302,,,,,,Trelleborg,Италия,,111A8,,"200/90-16 (7,00-16)",0000-00-00 00:00:00,2014-10-08 10:36:17,,/img/tires/af302.png,Сельхоз шины,1,,Бескамерная,Диагональная
480,8,0,AF 302,,,,,,Trelleborg,Италия,,120A8,,"210/95-16 (7,50-16)",0000-00-00 00:00:00,2014-10-08 10:36:17,,/img/tires/af302.png,Сельхоз шины,1,,Бескамерная,Диагональная
481,8,0,AW 305,,,,,,Trelleborg,Италия,,134A8,,"260/70-16 (10,5/65-16)",0000-00-00 00:00:00,2014-10-08 10:36:17,,/img/tires/aw305.png,Сельхоз шины,1,,Бескамерная,Диагональная
482,8,0,AW 305,,,,,,Trelleborg,Италия,,140A8,,"340/55-16 (13,0/55-16)",0000-00-00 00:00:00,2014-10-08 10:36:17,,/img/tires/aw305.png,Сельхоз шины,1,,Бескамерная,Диагональная
483,8,0,AW 305,,,,,,Trelleborg,Италия,,137A8,,"360/70-16 (13,0/75-16)",0000-00-00 00:00:00,2014-10-08 10:36:17,,/img/tires/aw305.png,Сельхоз шины,1,,Бескамерная,Диагональная
484,8,0,AW 305,,,,,,Trelleborg,Италия,,148A8,,"360/65-16 (14,0/65-16)",0000-00-00 00:00:00,2014-10-08 10:36:17,,/img/tires/aw305.png,Сельхоз шины,1,,Бескамерная,Диагональная
485,8,0,AW 305,,,,,,Trelleborg,Италия,,138A8,,"380/55-17 (15,0/55-17)",0000-00-00 00:00:00,2014-10-08 10:36:17,,/img/tires/aw305.png,Сельхоз шины,1,,Бескамерная,Диагональная
486,8,0,AW 305,,,,,,Trelleborg,Италия,,146A8,,"480/45-17 (19,0/45-17)",0000-00-00 00:00:00,2014-10-08 10:36:17,,/img/tires/aw305.png,Сельхоз шины,1,,Бескамерная,Диагональная
487,8,0,AW309,,,,,,Trelleborg,Италия,,149A8,,500/50-17,0000-00-00 00:00:00,2014-10-08 10:36:17,,/img/tires/aw309.png,Сельхоз шины,1,,Бескамерная,Диагональная
488,8,0,T306,,,,,,Trelleborg,Италия,,159A8,,520/50-17,0000-00-00 00:00:00,2014-10-08 10:36:17,,/img/tires/t306.png,Сельхоз шины,1,,Бескамерная,Диагональная
489,8,0,RT HS,,,,,,Trelleborg,Италия,,154F,,555/45-17,0000-00-00 00:00:00,2014-10-08 10:36:17,,/img/tires/rths.png,Сельхоз шины,1,,Бескамерная,Диагональная
490,8,0,TD27,,,,,,Trelleborg,Италия,,4 PR (66A6),,4.00-15,0000-00-00 00:00:00,2014-10-08 10:36:17,,/img/tires/td27.png,Сельхоз шины,1,,Камерная,Диагональная
491,8,0,TD27,,,,,,Trelleborg,Италия,,6 PR (82A6),,5.00-15,0000-00-00 00:00:00,2014-10-08 10:36:17,,/img/tires/td27.png,Сельхоз шины,1,,Камерная,Диагональная
492,8,0,TD27,,,,,,Trelleborg,Италия,,6 PR (86A6),,5.50-16,0000-00-00 00:00:00,2014-10-08 10:36:17,,/img/tires/td27.png,Сельхоз шины,1,,Камерная,Диагональная
493,8,0,TD27,,,,,,Trelleborg,Италия,,8 PR (94A6),,6.00-16,0000-00-00 00:00:00,2014-10-08 10:36:17,,/img/tires/td27.png,Сельхоз шины,1,,Камерная,Диагональная
494,8,0,TD27,,,,,,Trelleborg,Италия,,8 PR (98A6),,6.50-16,0000-00-00 00:00:00,2014-10-08 10:36:17,,/img/tires/td27.png,Сельхоз шины,1,,Камерная,Диагональная
495,8,0,TD27,,,,,,Trelleborg,Италия,,8 PR (103A6),,7.50-16,0000-00-00 00:00:00,2014-10-08 10:36:17,,/img/tires/td27.png,Сельхоз шины,1,,Камерная,Диагональная
496,8,0,TD27,,,,,,Trelleborg,Италия,,10 PR (109A6),,7.50-16,0000-00-00 00:00:00,2014-10-08 10:36:17,,/img/tires/td27.png,Сельхоз шины,1,,Камерная,Диагональная
497,8,0,TD300,,,,,,Trelleborg,Италия,,8 PR (103A6),,7.50-16,0000-00-00 00:00:00,2014-10-08 10:36:17,,/img/tires/td300.png,Сельхоз шины,1,,Камерная,Диагональная
498,8,0,TD300,,,,,,Trelleborg,Италия,,8 PR (111A6),,9.00-16,0000-00-00 00:00:00,2014-10-08 10:36:17,,/img/tires/td300.png,Сельхоз шины,1,,Камерная,Диагональная
499,8,0,TD300,,,,,,Trelleborg,Италия,,8 PR (106A6),,7.50-18,0000-00-00 00:00:00,2014-10-08 10:36:17,,/img/tires/td300.png,Сельхоз шины,1,,Камерная,Диагональная
500,8,0,TD300,,,,,,Trelleborg,Италия,,10 PR (112A6),,7.50-18,0000-00-00 00:00:00,2014-10-08 10:36:17,,/img/tires/td300.png,Сельхоз шины,1,,Камерная,Диагональная
501,8,0,TD27,,,,,,Trelleborg,Италия,,6 PR (93A6),,6.00-19,0000-00-00 00:00:00,2014-10-08 10:36:17,,/img/tires/td27.png,Сельхоз шины,1,,Камерная,Диагональная
502,8,0,TD300,,,,,,Trelleborg,Италия,,6 PR (103A6),,7.50-20,0000-00-00 00:00:00,2014-10-08 10:36:17,,/img/tires/td300.png,Сельхоз шины,1,,Камерная,Диагональная
503,8,0,IM110,,,,,,Trelleborg,Италия,,4 PR (74A8),,5.0-10,0000-00-00 00:00:00,2014-10-08 10:36:17,,/img/tires/im110.png,Сельхоз шины,1,,Камерная,Диагональная
504,8,0,IM110,,,,,,Trelleborg,Италия,,2 PR (54A8),,4.00-12,0000-00-00 00:00:00,2014-10-08 10:36:17,,/img/tires/im110.png,Сельхоз шины,1,,Камерная,Диагональная
505,8,0,IM110,,,,,,Trelleborg,Италия,,4 PR (74A8),,5.00-12,0000-00-00 00:00:00,2014-10-08 10:36:17,,/img/tires/im110.png,Сельхоз шины,1,,Камерная,Диагональная
506,8,0,IM110,,,,,,Trelleborg,Италия,,4 PR (84A8),,6.5/80-12,0000-00-00 00:00:00,2014-10-08 10:36:17,,/img/tires/im110.png,Сельхоз шины,1,,Камерная,Диагональная
507,8,0,IM110,,,,,,Trelleborg,Италия,,6 PR (95A8),,7.00-12,0000-00-00 00:00:00,2014-10-08 10:36:17,,/img/tires/im110.png,Сельхоз шины,1,,Камерная,Диагональная
508,8,0,IM110,,,,,,Trelleborg,Италия,,6 PR (110A8),,10.0/80-12,0000-00-00 00:00:00,2014-10-08 10:36:17,,/img/tires/im110.png,Сельхоз шины,1,,Камерная,Диагональная
509,8,0,IM110,,,,,,Trelleborg,Италия,,4 PR (73A8),,5.00-14,0000-00-00 00:00:00,2014-10-08 10:36:17,,/img/tires/im110.png,Сельхоз шины,1,,Камерная,Диагональная
510,8,0,IM110,,,,,,Trelleborg,Италия,,6 PR (88A8),,5.00-15,0000-00-00 00:00:00,2014-10-08 10:36:17,,/img/tires/im110.png,Сельхоз шины,1,,Камерная,Диагональная
511,8,0,IM110,,,,,,Trelleborg,Италия,,4 PR (90A8),,6.5/80-15,0000-00-00 00:00:00,2014-10-08 10:36:17,,/img/tires/im110.png,Сельхоз шины,1,,Камерная,Диагональная
512,8,0,IM110,,,,,,Trelleborg,Италия,,8 PR (113A8),,7.5L-15,0000-00-00 00:00:00,2014-10-08 10:36:17,,/img/tires/im110.png,Сельхоз шины,1,,Камерная,Диагональная
513,8,0,IM110,,,,,,Trelleborg,Италия,,8 PR (119A8),,10.0/75-15.3,0000-00-00 00:00:00,2014-10-08 10:36:17,,/img/tires/im110.png,Сельхоз шины,1,,Камерная,Диагональная
514,8,0,IM110,,,,,,Trelleborg,Италия,,8 PR (103A8),,6.00-16,0000-00-00 00:00:00,2014-10-08 10:36:17,,/img/tires/im110.png,Сельхоз шины,1,,Камерная,Диагональная
515,8,0,IM110,,,,,,Trelleborg,Италия,,8 PR (105A8),,6.50-16,0000-00-00 00:00:00,2014-10-08 10:36:17,,/img/tires/im110.png,Сельхоз шины,1,,Камерная,Диагональная
516,8,0,IM110,,,,,,Trelleborg,Италия,,8 PR (112A8),,7.50-16,0000-00-00 00:00:00,2014-10-08 10:36:17,,/img/tires/im110.png,Сельхоз шины,1,,Камерная,Диагональная
517,8,0,IM110,,,,,,Trelleborg,Италия,,8 PR (112A8),,7.50-16,0000-00-00 00:00:00,2014-10-08 10:36:17,,/img/tires/im110.png,Сельхоз шины,1,,Бескамерная,Диагональная
518,8,0,IM110,,,,,,Trelleborg,Италия,,8 PR (116A8),,8.25-16,0000-00-00 00:00:00,2014-10-08 10:36:17,,/img/tires/im110.png,Сельхоз шины,1,,Камерная,Диагональная
519,8,0,IM110,,,,,,Trelleborg,Италия,,6 PR (111A8),,9.0/75-16,0000-00-00 00:00:00,2014-10-08 10:36:17,,/img/tires/im110.png,Сельхоз шины,1,,Камерная,Диагональная
520,8,0,IM110,,,,,,Trelleborg,Италия,,8 PR (125A8),,250/80-16,0000-00-00 00:00:00,2014-10-08 10:36:17,,/img/tires/im110.png,Сельхоз шины,1,,Камерная,Диагональная
521,8,0,IM110,,,,,,Trelleborg,Италия,,6 PR (106A8),,7.50-18,0000-00-00 00:00:00,2014-10-08 10:36:17,,/img/tires/im110.png,Сельхоз шины,1,,Камерная,Диагональная
522,8,0,IM110,,,,,,Trelleborg,Италия,,8 PR (127A8),,250/80-18,0000-00-00 00:00:00,2014-10-08 10:36:17,,/img/tires/im110.png,Сельхоз шины,1,,Камерная,Диагональная
523,8,0,IM110,,,,,,Trelleborg,Италия,,2 PR (66A8),,4.50-19,0000-00-00 00:00:00,2014-10-08 10:36:17,,/img/tires/im110.png,Сельхоз шины,1,,Камерная,Диагональная
524,8,0,IM110,,,,,,Trelleborg,Италия,,2 PR (66A8),,4.00-21,0000-00-00 00:00:00,2014-10-08 10:36:17,,/img/tires/im110.png,Сельхоз шины,1,,Камерная,Диагональная
525,8,0,TD27,,,,,,Trelleborg,Италия,,4 PR,,4.00-4.50-21,0000-00-00 00:00:00,2014-10-08 10:36:17,,/img/tires/td27.png,Сельхоз шины,1,,Камерная,Диагональная
